virus_taxid,host_types,true_label,predicted_prob,predicted_label,correct,error_type
10261,mosquito,0,0.0448,0,True,correct
10271,mosquito,0,0.0575,0,True,correct
10407,mosquito,1,0.0532,0,False,false_negative
10497,tick,0,0.0865,1,False,false_positive
10784,tick,0,0.147,1,False,false_positive
10788,tick,0,0.1722,1,False,false_positive
11020,"biting_midge,mosquito",1,0.1874,1,True,correct
11021,mosquito,1,0.1218,1,True,correct
11023,"mosquito,tick",1,0.1679,1,True,correct
11024,mosquito,1,0.3693,1,True,correct
11029,mosquito,1,0.4929,1,True,correct
11033,mosquito,1,0.2966,1,True,correct
11034,"biting_midge,mosquito,tick",1,0.2037,1,True,correct
11036,mosquito,1,0.6106,1,True,correct
11039,mosquito,1,0.0724,1,True,correct
11053,mosquito,1,0.7486,1,True,correct
11060,mosquito,1,0.666,1,True,correct
11069,mosquito,1,0.1361,1,True,correct
11070,mosquito,1,0.3349,1,True,correct
11072,"biting_midge,mosquito,tick",1,0.1541,1,True,correct
11077,mosquito,1,0.5654,1,True,correct
11079,mosquito,1,0.458,1,True,correct
11080,mosquito,1,0.2932,1,True,correct
11082,"mosquito,tick",1,0.5958,1,True,correct
11083,"mosquito,tick",1,0.5783,1,True,correct
11084,"mosquito,tick",1,0.6188,1,True,correct
11085,tick,1,0.042,0,False,false_negative
11086,tick,1,0.287,1,True,correct
11089,mosquito,1,0.6959,1,True,correct
11099,"biting_midge,mosquito",1,0.1381,1,True,correct
11277,biting_midge,0,0.0297,0,True,correct
11303,"biting_midge,mosquito",0,0.041,0,True,correct
11318,tick,1,0.159,1,True,correct
11569,tick,1,0.3891,1,True,correct
11574,mosquito,0,0.0242,0,True,correct
11575,mosquito,0,0.0946,1,False,false_positive
11577,mosquito,0,0.0573,0,True,correct
11580,mosquito,0,0.0331,0,True,correct
11582,"biting_midge,mosquito",0,0.0223,0,True,correct
11588,mosquito,0,0.5212,1,False,false_positive
11591,tick,0,0.0193,0,True,correct
11788,mosquito,0,0.105,1,False,false_positive
11827,mosquito,1,0.0551,0,False,false_negative
11864,mosquito,0,0.0814,1,False,false_positive
11901,biting_midge,1,0.0585,0,False,false_negative
11976,tick,0,0.0765,1,False,false_positive
12063,mosquito,1,0.1009,1,True,correct
12072,mosquito,1,0.2655,1,True,correct
12542,"mosquito,tick",1,0.4569,1,True,correct
28314,tick,0,0.0483,0,True,correct
28344,mosquito,0,0.197,1,False,false_positive
31657,tick,0,0.0534,0,True,correct
31658,mosquito,0,0.0706,0,True,correct
33720,biting_midge,0,0.0444,0,True,correct
34613,tick,0,0.1024,1,False,false_positive
35279,tick,0,0.1378,1,False,false_positive
35305,mosquito,0,0.0905,1,False,false_positive
35307,mosquito,0,0.0536,0,True,correct
35308,mosquito,0,0.2062,1,False,false_positive
35313,mosquito,0,0.0282,0,True,correct
35316,mosquito,0,0.5,1,False,false_positive
35318,mosquito,0,0.0432,0,True,correct
35320,mosquito,0,0.2253,1,False,false_positive
35327,biting_midge,0,0.2886,1,False,false_positive
35332,biting_midge,0,0.5651,1,False,false_positive
35338,mosquito,0,0.0352,0,True,correct
35511,mosquito,0,0.0484,0,True,correct
35513,mosquito,0,0.0604,0,True,correct
35514,mosquito,0,0.0574,0,True,correct
35515,mosquito,0,0.0325,0,True,correct
35516,mosquito,0,0.0719,0,True,correct
37124,mosquito,1,0.3696,1,True,correct
38837,mosquito,0,0.0352,0,True,correct
40004,tick,0,0.095,1,False,false_positive
40012,tick,0,0.2524,1,False,false_positive
40051,"biting_midge,mosquito",0,0.582,1,False,false_positive
40052,mosquito,1,0.0578,0,False,false_negative
40053,mosquito,1,0.1007,1,True,correct
40054,"biting_midge,mosquito",0,0.0475,0,True,correct
40056,mosquito,0,0.1309,1,False,false_positive
40060,mosquito,0,0.052,0,True,correct
40061,"biting_midge,mosquito",0,0.0456,0,True,correct
40062,"biting_midge,mosquito",0,0.022,0,True,correct
40064,tick,1,0.0746,1,True,correct
40065,mosquito,0,0.2364,1,False,false_positive
40067,tick,0,0.1593,1,False,false_positive
44024,mosquito,1,0.1792,1,True,correct
44027,mosquito,0,0.0677,0,True,correct
45029,biting_midge,0,0.0645,0,True,correct
45032,biting_midge,0,0.118,1,False,false_positive
45269,mosquito,0,0.0167,0,True,correct
45270,mosquito,0,0.0495,0,True,correct
45767,mosquito,0,0.0486,0,True,correct
45768,mosquito,0,0.0783,1,False,false_positive
46839,tick,0,0.0569,0,True,correct
47300,tick,0,0.3493,1,False,false_positive
47465,mosquito,0,0.13,1,False,false_positive
48542,mosquito,1,0.1087,1,True,correct
48543,mosquito,1,0.1993,1,True,correct
53017,tick,0,0.1695,1,False,false_positive
59301,mosquito,1,0.0493,0,False,false_negative
59302,mosquito,1,0.6537,1,True,correct
59303,mosquito,1,0.064,0,False,false_negative
59304,mosquito,0,0.3688,1,False,false_positive
59305,mosquito,1,0.0866,1,True,correct
59509,tick,0,0.0294,0,True,correct
60875,mosquito,1,0.0688,0,False,false_negative
60876,mosquito,1,0.2125,1,True,correct
60879,mosquito,0,0.2118,1,False,false_positive
62352,tick,0,0.0549,0,True,correct
64286,"mosquito,tick",1,0.3097,1,True,correct
64287,tick,0,0.0814,1,False,false_positive
64288,tick,0,0.0928,1,False,false_positive
64290,mosquito,1,0.2269,1,True,correct
64292,mosquito,1,0.2133,1,True,correct
64293,mosquito,1,0.4665,1,True,correct
64295,mosquito,0,0.051,0,True,correct
64296,mosquito,0,0.3208,1,False,false_positive
64297,mosquito,0,0.0539,0,True,correct
64305,tick,1,0.1547,1,True,correct
64307,tick,0,0.2066,1,False,false_positive
64308,mosquito,0,0.1672,1,False,false_positive
64310,tick,0,0.0803,1,False,false_positive
64311,mosquito,1,0.4335,1,True,correct
64318,mosquito,1,0.1651,1,True,correct
64320,mosquito,1,0.3754,1,True,correct
66264,biting_midge,0,0.2243,1,False,false_positive
68887,mosquito,1,0.0702,0,False,false_negative
70566,"biting_midge,mosquito",0,0.2555,1,False,false_positive
72149,tick,1,0.038,0,False,false_negative
77204,"biting_midge,mosquito",0,0.0392,0,True,correct
77763,"biting_midge,mosquito,tick",1,0.0083,0,False,false_negative
80937,mosquito,0,0.0213,0,True,correct
80942,"mosquito,tick",0,0.0355,0,True,correct
85708,mosquito,1,0.1518,1,True,correct
94966,biting_midge,0,0.0595,0,True,correct
94967,biting_midge,0,0.1005,1,False,false_positive
104580,mosquito,1,0.0122,0,False,false_negative
104581,tick,0,0.0958,1,False,false_positive
108088,biting_midge,0,0.0274,0,True,correct
108089,biting_midge,0,0.0356,0,True,correct
118655,"biting_midge,mosquito",0,0.5664,1,False,false_positive
129726,tick,1,0.0786,1,True,correct
129727,tick,1,0.0618,0,False,false_negative
159137,mosquito,0,0.0952,1,False,false_positive
159138,biting_midge,0,0.0425,0,True,correct
159140,biting_midge,0,0.1334,1,False,false_positive
159141,biting_midge,0,0.1742,1,False,false_positive
159142,biting_midge,0,0.3495,1,False,false_positive
159150,biting_midge,0,0.6799,1,False,false_positive
159151,biting_midge,0,0.0582,0,True,correct
164416,mosquito,1,0.1212,1,True,correct
172148,tick,1,0.057,0,False,false_negative
172296,tick,0,0.2041,1,False,false_positive
177895,mosquito,0,0.0587,0,True,correct
177898,mosquito,0,0.0383,0,True,correct
178787,mosquito,0,0.0466,0,True,correct
181003,biting_midge,1,0.185,1,True,correct
185638,mosquito,0,0.0354,0,True,correct
192196,mosquito,0,0.0862,1,False,false_positive
194540,tick,0,0.1849,1,False,false_positive
194675,mosquito,0,0.1113,1,False,false_positive
195055,mosquito,1,0.1653,1,True,correct
196403,mosquito,0,0.0505,0,True,correct
198421,mosquito,0,0.0347,0,True,correct
200401,mosquito,0,0.032,0,True,correct
200402,mosquito,0,0.0141,0,True,correct
200403,mosquito,0,0.0078,0,True,correct
200404,mosquito,0,0.0331,0,True,correct
201466,tick,0,0.0427,0,True,correct
201490,biting_midge,0,0.0268,0,True,correct
204269,tick,0,0.1138,1,False,false_positive
206378,tick,0,0.0468,0,True,correct
218849,mosquito,0,0.0718,0,True,correct
246280,mosquito,0,0.0382,0,True,correct
248058,tick,0,0.0658,0,True,correct
267783,mosquito,0,0.0351,0,True,correct
272636,tick,1,0.217,1,True,correct
273343,mosquito,0,0.0557,0,True,correct
273349,mosquito,0,0.0524,0,True,correct
273357,tick,1,0.0442,0,False,false_negative
273358,mosquito,0,0.0836,1,False,false_positive
273359,mosquito,0,0.0381,0,True,correct
273360,mosquito,0,0.2638,1,False,false_positive
301964,mosquito,0,0.1181,1,False,false_positive
306276,mosquito,0,0.1229,1,False,false_positive
311554,mosquito,0,0.0308,0,True,correct
318836,biting_midge,0,0.0512,0,True,correct
318844,biting_midge,0,0.089,1,False,false_positive
318845,mosquito,0,0.0179,0,True,correct
318849,biting_midge,0,0.0743,1,False,false_positive
318852,mosquito,0,0.1458,1,False,false_positive
332097,mosquito,1,0.1469,1,True,correct
341721,mosquito,0,0.0215,0,True,correct
348009,mosquito,0,0.0522,0,True,correct
348010,mosquito,0,0.0666,0,True,correct
348014,mosquito,0,0.0874,1,False,false_positive
348026,mosquito,0,0.0556,0,True,correct
349066,mosquito,0,0.0394,0,True,correct
358764,tick,0,0.578,1,False,false_positive
365047,mosquito,0,0.0132,0,True,correct
374448,tick,0,0.0614,0,True,correct
380160,mosquito,0,0.0425,0,True,correct
380435,mosquito,0,0.0385,0,True,correct
380442,mosquito,0,0.0191,0,True,correct
390844,mosquito,0,0.0271,0,True,correct
390845,mosquito,0,0.0594,0,True,correct
442712,mosquito,0,0.0307,0,True,correct
442713,mosquito,0,0.0407,0,True,correct
464979,mosquito,0,0.0462,0,True,correct
478577,mosquito,0,0.0628,0,True,correct
487050,tick,0,0.0693,0,True,correct
487097,tick,0,0.0601,0,True,correct
487098,tick,0,0.0332,0,True,correct
487102,tick,0,0.0596,0,True,correct
490110,biting_midge,0,0.01,0,True,correct
490111,biting_midge,0,0.0223,0,True,correct
498356,tick,0,0.0405,0,True,correct
499854,mosquito,0,0.1191,1,False,false_positive
500324,biting_midge,0,0.0307,0,True,correct
507486,mosquito,1,0.0549,0,False,false_negative
526523,tick,0,0.1732,1,False,false_positive
537023,mosquito,0,0.0982,1,False,false_positive
543721,mosquito,0,0.0589,0,True,correct
544571,mosquito,0,0.0585,0,True,correct
552554,mosquito,0,0.0724,1,False,false_positive
559180,mosquito,0,0.0824,1,False,false_positive
562957,mosquito,0,0.0325,0,True,correct
577122,mosquito,0,0.1762,1,False,false_positive
595217,tick,0,0.0966,1,False,false_positive
603003,mosquito,0,0.0237,0,True,correct
611708,mosquito,1,0.2575,1,True,correct
631267,mosquito,0,0.0496,0,True,correct
643132,mosquito,0,0.0148,0,True,correct
644609,tick,0,0.1302,1,False,false_positive
644610,tick,0,0.0691,0,True,correct
649187,mosquito,0,0.1433,1,False,false_positive
667516,mosquito,0,0.1079,1,False,false_positive
673515,"biting_midge,mosquito",0,0.0625,0,True,correct
687386,mosquito,0,0.178,1,False,false_positive
688436,tick,0,0.4346,1,False,false_positive
688437,tick,0,0.2612,1,False,false_positive
690897,mosquito,0,0.0318,0,True,correct
694009,mosquito,1,0.0791,1,True,correct
698672,mosquito,0,0.1182,1,False,false_positive
707546,tick,0,0.1304,1,False,false_positive
742825,mosquito,0,0.0779,1,False,false_positive
748192,mosquito,0,0.0992,1,False,false_positive
864693,mosquito,0,0.0377,0,True,correct
864698,mosquito,0,0.0577,0,True,correct
881914,tick,0,0.2946,1,False,false_positive
908872,mosquito,0,0.0335,0,True,correct
908873,tick,0,0.0312,0,True,correct
932699,mosquito,0,0.0195,0,True,correct
932700,mosquito,0,0.0416,0,True,correct
936308,mosquito,0,0.0952,1,False,false_positive
941340,mosquito,0,0.0393,0,True,correct
985683,mosquito,0,0.1345,1,False,false_positive
999729,biting_midge,0,0.018,0,True,correct
1001303,tick,1,0.1235,1,True,correct
1002273,tick,1,0.1136,1,True,correct
1003835,tick,0,0.4014,1,False,false_positive
1010666,tick,0,0.1467,1,False,false_positive
1010669,tick,0,0.0127,0,True,correct
1027466,tick,0,0.0381,0,True,correct
1034771,mosquito,0,0.0926,1,False,false_positive
1034791,mosquito,0,0.1082,1,False,false_positive
1034792,mosquito,0,0.0902,1,False,false_positive
1034793,mosquito,0,0.276,1,False,false_positive
1034795,mosquito,0,0.0463,0,True,correct
1034800,mosquito,0,0.026,0,True,correct
1034803,mosquito,0,0.0707,0,True,correct
1034805,mosquito,0,0.0592,0,True,correct
1041933,mosquito,0,0.0103,0,True,correct
1046551,mosquito,0,0.049,0,True,correct
1048536,mosquito,0,0.1016,1,False,false_positive
1076255,mosquito,0,0.0553,0,True,correct
1096141,tick,0,0.0317,0,True,correct
1105173,mosquito,0,0.0305,0,True,correct
1125677,mosquito,0,0.0113,0,True,correct
1126383,mosquito,0,0.0688,0,True,correct
1126384,mosquito,0,0.2545,1,False,false_positive
1133363,biting_midge,0,0.1242,1,False,false_positive
1170505,mosquito,0,0.1185,1,False,false_positive
1170506,mosquito,0,0.0553,0,True,correct
1172985,"mosquito,tick",1,0.2796,1,True,correct
1204160,tick,0,0.0109,0,True,correct
1204161,tick,0,0.0676,0,True,correct
1213620,tick,0,0.0376,0,True,correct
1213621,tick,0,0.0265,0,True,correct
1216928,tick,0,0.0199,0,True,correct
1217821,tick,0,0.1087,1,False,false_positive
1219465,tick,0,0.2555,1,False,false_positive
1229186,mosquito,0,0.0521,0,True,correct
1230254,mosquito,0,0.0496,0,True,correct
1231903,mosquito,0,0.2838,1,False,false_positive
1244565,mosquito,0,0.0399,0,True,correct
1254420,mosquito,0,0.1453,1,False,false_positive
1271872,mosquito,0,0.0337,0,True,correct
1271873,mosquito,0,0.0474,0,True,correct
1272940,mosquito,0,0.0132,0,True,correct
1272942,mosquito,0,0.0132,0,True,correct
1272943,mosquito,0,0.0209,0,True,correct
1272945,mosquito,0,0.0108,0,True,correct
1272946,mosquito,0,0.017,0,True,correct
1272949,mosquito,0,0.0094,0,True,correct
1272952,tick,0,0.0544,0,True,correct
1272955,mosquito,0,0.0753,1,False,false_positive
1272958,biting_midge,0,0.0247,0,True,correct
1272959,mosquito,0,0.1852,1,False,false_positive
1272960,mosquito,0,0.4052,1,False,false_positive
1272961,mosquito,0,0.0397,0,True,correct
1272962,tick,0,0.0561,0,True,correct
1286143,mosquito,0,0.175,1,False,false_positive
1289939,biting_midge,0,0.0329,0,True,correct
1302179,mosquito,0,0.0494,0,True,correct
1335626,tick,1,0.0501,0,False,false_negative
1399582,mosquito,0,0.2516,1,False,false_positive
1406950,mosquito,0,0.0144,0,True,correct
1407072,mosquito,0,0.0231,0,True,correct
1408137,mosquito,0,0.0596,0,True,correct
1414603,tick,0,0.1733,1,False,false_positive
1424280,tick,0,0.0802,1,False,false_positive
1427476,mosquito,0,0.0315,0,True,correct
1428456,tick,0,0.171,1,False,false_positive
1428581,tick,0,0.0816,1,False,false_positive
1428582,tick,0,0.0477,0,True,correct
1428763,"biting_midge,mosquito",0,0.0614,0,True,correct
1435294,mosquito,0,0.0809,1,False,false_positive
1440170,mosquito,1,0.1728,1,True,correct
1445557,mosquito,0,0.0336,0,True,correct
1453404,tick,0,0.0343,0,True,correct
1453408,tick,1,0.3666,1,True,correct
1453409,tick,0,0.0723,0,True,correct
1453410,tick,0,0.2459,1,False,false_positive
1456752,tick,0,0.214,1,False,false_positive
1457166,mosquito,0,0.036,0,True,correct
1459044,tick,0,0.0654,0,True,correct
1471048,tick,0,0.2928,1,False,false_positive
1479613,mosquito,0,0.0966,1,False,false_positive
1484570,tick,0,0.1762,1,False,false_positive
1484571,tick,0,0.1475,1,False,false_positive
1484573,tick,0,0.0354,0,True,correct
1485186,mosquito,0,0.2501,1,False,false_positive
1489102,tick,0,0.0226,0,True,correct
1501396,"mosquito,tick",1,0.0423,0,False,false_negative
1513199,mosquito,0,0.1156,1,False,false_positive
1526514,tick,0,0.0372,0,True,correct
1526521,tick,0,0.0886,1,False,false_positive
1526522,tick,0,0.1169,1,False,false_positive
1530251,"mosquito,tick",0,0.041,0,True,correct
1531283,tick,0,0.0235,0,True,correct
1531287,tick,0,0.0246,0,True,correct
1534467,mosquito,0,0.1987,1,False,false_positive
1534468,mosquito,0,0.0807,1,False,false_positive
1552845,mosquito,0,0.0718,0,True,correct
1552846,mosquito,0,0.0267,0,True,correct
1562507,mosquito,0,0.06,0,True,correct
1564099,tick,0,0.0529,0,True,correct
1564119,tick,0,0.0321,0,True,correct
1564120,tick,0,0.0216,0,True,correct
1564122,tick,0,0.054,0,True,correct
1565590,mosquito,0,0.0318,0,True,correct
1565591,mosquito,0,0.0236,0,True,correct
1567404,mosquito,0,0.0342,0,True,correct
1569258,biting_midge,0,0.0287,0,True,correct
1569259,mosquito,0,0.0479,0,True,correct
1569922,tick,0,0.146,1,False,false_positive
1590835,mosquito,0,0.0341,0,True,correct
1597962,tick,1,0.0939,1,True,correct
1607696,mosquito,0,0.0964,1,False,false_positive
1608040,tick,0,0.0749,1,False,false_positive
1608043,tick,0,0.064,0,True,correct
1608046,tick,0,0.0783,1,False,false_positive
1608047,tick,0,0.0602,0,True,correct
1608049,tick,0,0.0624,0,True,correct
1608056,tick,0,0.0449,0,True,correct
1608059,mosquito,0,0.0445,0,True,correct
1608077,mosquito,0,0.0345,0,True,correct
1608083,tick,0,0.3475,1,False,false_positive
1608084,tick,0,0.255,1,False,false_positive
1608085,tick,0,0.0196,0,True,correct
1608089,tick,0,0.0569,0,True,correct
1608090,tick,0,0.0407,0,True,correct
1608094,tick,0,0.144,1,False,false_positive
1608128,mosquito,0,0.0921,1,False,false_positive
1608129,mosquito,0,0.0452,0,True,correct
1608130,mosquito,0,0.208,1,False,false_positive
1608131,mosquito,0,0.0544,0,True,correct
1608132,mosquito,0,0.0546,0,True,correct
1608134,mosquito,0,0.0283,0,True,correct
1608138,tick,0,0.03,0,True,correct
1608142,mosquito,0,0.0431,0,True,correct
1608145,tick,0,0.1484,1,False,false_positive
1608146,tick,0,0.0279,0,True,correct
1608147,mosquito,0,0.0435,0,True,correct
1610817,tick,0,0.0296,0,True,correct
1610820,tick,0,0.0348,0,True,correct
1611039,mosquito,0,0.028,0,True,correct
1618189,tick,1,0.1842,1,True,correct
1618254,tick,0,0.042,0,True,correct
1619662,tick,0,0.0447,0,True,correct
1620507,tick,0,0.136,1,False,false_positive
1620895,mosquito,0,0.0187,0,True,correct
1620896,tick,0,0.0366,0,True,correct
1623310,mosquito,0,0.0505,0,True,correct
1628184,mosquito,0,0.1903,1,False,false_positive
1628186,mosquito,0,0.0142,0,True,correct
1633878,tick,0,0.045,0,True,correct
1634381,tick,0,0.2345,1,False,false_positive
1642042,tick,0,0.0368,0,True,correct
1642852,mosquito,0,0.0795,1,False,false_positive
1653304,mosquito,0,0.1468,1,False,false_positive
1678230,mosquito,1,0.073,1,True,correct
1678231,mosquito,0,0.0933,1,False,false_positive
1678234,mosquito,0,0.3076,1,False,false_positive
1679172,tick,0,0.1093,1,False,false_positive
1692255,tick,0,0.0592,0,True,correct
1697349,mosquito,0,0.0311,0,True,correct
1708574,mosquito,0,0.0839,1,False,false_positive
1708654,mosquito,0,0.0683,0,True,correct
1712570,tick,0,0.0255,0,True,correct
1746058,tick,0,0.0655,0,True,correct
1752929,tick,0,0.5482,1,False,false_positive
1756186,tick,0,0.0311,0,True,correct
1758878,mosquito,0,0.0717,0,True,correct
1763596,tick,0,0.0109,0,True,correct
1763623,mosquito,0,0.0465,0,True,correct
1764076,mosquito,1,0.0668,0,False,false_negative
1766829,mosquito,0,0.0487,0,True,correct
1769781,mosquito,0,0.0384,0,True,correct
1803034,mosquito,0,0.0461,0,True,correct
1803263,mosquito,0,0.0893,1,False,false_positive
1803956,mosquito,1,0.0443,0,False,false_negative
1805494,mosquito,0,0.0396,0,True,correct
1807813,mosquito,0,0.0949,1,False,false_positive
1814226,tick,0,0.0512,0,True,correct
1819301,biting_midge,0,0.0786,1,False,false_positive
1819302,mosquito,0,0.0921,1,False,false_positive
1819303,mosquito,0,0.1786,1,False,false_positive
1819304,mosquito,0,0.2382,1,False,false_positive
1819306,mosquito,0,0.0248,0,True,correct
1819307,mosquito,0,0.059,0,True,correct
1820046,tick,0,0.6208,1,False,false_positive
1821222,mosquito,0,0.0867,1,False,false_positive
1821227,mosquito,0,0.0766,1,False,false_positive
1821545,mosquito,0,0.0238,0,True,correct
1833915,tick,0,0.0364,0,True,correct
1833928,tick,0,0.0333,0,True,correct
1844920,tick,0,0.0781,1,False,false_positive
1844928,tick,0,0.0664,0,True,correct
1851087,tick,0,0.055,0,True,correct
1864484,tick,0,0.2615,1,False,false_positive
1868221,"mosquito,tick",0,0.2609,1,False,false_positive
1883111,tick,0,0.0378,0,True,correct
1890418,mosquito,0,0.0347,0,True,correct
1890684,mosquito,0,0.0305,0,True,correct
1890685,mosquito,0,0.1039,1,False,false_positive
1913640,tick,0,0.0466,0,True,correct
1914448,mosquito,0,0.0611,0,True,correct
1916690,biting_midge,0,0.0273,0,True,correct
1917976,tick,0,0.0268,0,True,correct
1919071,mosquito,0,0.0413,0,True,correct
1927799,mosquito,0,0.0415,0,True,correct
1928710,mosquito,0,0.0326,0,True,correct
1930825,mosquito,0,0.1141,1,False,false_positive
1933178,"biting_midge,mosquito",0,0.1221,1,False,false_positive
1933191,tick,0,0.0166,0,True,correct
1940570,tick,0,0.1394,1,False,false_positive
1954248,mosquito,0,0.0466,0,True,correct
1955137,"biting_midge,mosquito,tick",0,0.0377,0,True,correct
1955163,"biting_midge,mosquito,tick",0,0.2995,1,False,false_positive
1955166,"mosquito,tick",0,0.1289,1,False,false_positive
1955168,"biting_midge,mosquito,tick",0,0.0241,0,True,correct
1955170,biting_midge,0,0.0229,0,True,correct
1955198,biting_midge,0,0.0325,0,True,correct
1963247,mosquito,0,0.0584,0,True,correct
1963253,mosquito,0,0.0411,0,True,correct
1969397,mosquito,0,0.0305,0,True,correct
1969398,mosquito,0,0.0418,0,True,correct
1969399,mosquito,0,0.0618,0,True,correct
1969400,mosquito,0,0.0242,0,True,correct
1969830,mosquito,0,0.0504,0,True,correct
1971396,tick,0,0.012,0,True,correct
1972567,mosquito,0,0.0693,0,True,correct
1972568,mosquito,1,0.0775,1,True,correct
1972569,mosquito,0,0.0958,1,False,false_positive
1972570,mosquito,0,0.0547,0,True,correct
1972612,mosquito,0,0.0317,0,True,correct
1972626,biting_midge,0,0.0319,0,True,correct
1972682,mosquito,0,0.017,0,True,correct
1972683,mosquito,0,0.1193,1,False,false_positive
1972684,mosquito,0,0.1349,1,False,false_positive
1972685,mosquito,0,0.0571,0,True,correct
1972687,mosquito,0,0.0636,0,True,correct
1977074,tick,0,0.1528,1,False,false_positive
1977075,tick,0,0.141,1,False,false_positive
1981097,tick,0,0.06,0,True,correct
1983771,tick,0,0.051,0,True,correct
1983779,tick,0,0.0844,1,False,false_positive
1985374,tick,0,0.0679,0,True,correct
2010277,mosquito,0,0.2027,1,False,false_positive
2014339,tick,0,0.0157,0,True,correct
2015054,tick,0,0.0267,0,True,correct
2015056,tick,0,0.0431,0,True,correct
2015057,tick,0,0.041,0,True,correct
2015063,tick,0,0.0345,0,True,correct
2016461,tick,0,0.0353,0,True,correct
2018471,biting_midge,0,0.028,0,True,correct
2020880,tick,0,0.1055,1,False,false_positive
2021721,mosquito,0,0.0451,0,True,correct
2025477,tick,0,0.1445,1,False,false_positive
2025478,tick,0,0.0969,1,False,false_positive
2025480,tick,0,0.1027,1,False,false_positive
2026602,mosquito,0,0.0281,0,True,correct
2026603,mosquito,0,0.0231,0,True,correct
2027354,tick,0,0.0714,0,True,correct
2027355,tick,0,0.018,0,True,correct
2030127,"mosquito,tick",0,0.0597,0,True,correct
2034330,tick,0,0.0423,0,True,correct
2036702,mosquito,0,0.0609,0,True,correct
2036703,mosquito,0,0.0288,0,True,correct
2036955,mosquito,0,0.0519,0,True,correct
2040592,mosquito,0,0.0312,0,True,correct
2045185,mosquito,0,0.2103,1,False,false_positive
2045186,mosquito,0,0.2584,1,False,false_positive
2050976,mosquito,0,0.208,1,False,false_positive
2053814,mosquito,0,0.0087,0,True,correct
2055261,tick,0,0.0285,0,True,correct
2072351,mosquito,0,0.1597,1,False,false_positive
2079603,tick,0,0.1652,1,False,false_positive
2079604,tick,0,0.0626,0,True,correct
2079605,tick,0,0.1262,1,False,false_positive
2079606,tick,0,0.0714,0,True,correct
2079610,tick,0,0.034,0,True,correct
2083198,mosquito,1,0.0518,0,False,false_negative
2094261,mosquito,0,0.063,0,True,correct
2108521,mosquito,0,0.2838,1,False,false_positive
2109376,mosquito,0,0.0611,0,True,correct
2116536,tick,0,0.1626,1,False,false_positive
2137161,tick,1,0.5384,1,True,correct
2169701,mosquito,1,0.0918,1,True,correct
2170057,tick,0,0.0378,0,True,correct
2170061,tick,0,0.0462,0,True,correct
2201043,tick,0,0.0618,0,True,correct
2202565,mosquito,0,0.0349,0,True,correct
2217875,tick,0,0.0434,0,True,correct
2219899,tick,0,0.0898,1,False,false_positive
2219997,"biting_midge,mosquito,tick",0,0.6449,1,False,false_positive
2250219,mosquito,0,0.045,0,True,correct
2259111,tick,0,0.0323,0,True,correct
2269360,"mosquito,tick",1,0.2638,1,True,correct
2290890,tick,0,0.0154,0,True,correct
2303487,mosquito,0,0.052,0,True,correct
2303490,mosquito,0,0.05,0,True,correct
2304481,mosquito,0,0.0411,0,True,correct
2304484,mosquito,0,0.0208,0,True,correct
2304485,mosquito,0,0.2036,1,False,false_positive
2304505,mosquito,0,0.033,0,True,correct
2304509,mosquito,0,0.0425,0,True,correct
2304510,mosquito,0,0.0768,1,False,false_positive
2304511,mosquito,0,0.0443,0,True,correct
2304514,mosquito,0,0.1393,1,False,false_positive
2304515,mosquito,0,0.026,0,True,correct
2304647,tick,0,0.1033,1,False,false_positive
2305258,mosquito,0,0.0884,1,False,false_positive
2315722,mosquito,0,0.1307,1,False,false_positive
2419667,tick,0,0.0696,0,True,correct
2421440,mosquito,0,0.3202,1,False,false_positive
2486204,mosquito,0,0.0386,0,True,correct
2486715,mosquito,0,0.0294,0,True,correct
2491660,mosquito,0,0.0317,0,True,correct
2498143,tick,0,0.2024,1,False,false_positive
2498144,mosquito,0,0.0426,0,True,correct
2499242,mosquito,0,0.2175,1,False,false_positive
2547358,mosquito,0,0.0595,0,True,correct
2555547,tick,0,0.0528,0,True,correct
2555890,tick,0,0.0354,0,True,correct
2555893,tick,0,0.0366,0,True,correct
2555896,tick,0,0.1442,1,False,false_positive
2560014,tick,0,0.0241,0,True,correct
2560015,tick,0,0.3536,1,False,false_positive
2560016,tick,0,0.0432,0,True,correct
2569589,tick,0,0.0365,0,True,correct
2569609,tick,0,0.0404,0,True,correct
2569610,tick,0,0.017,0,True,correct
2572766,biting_midge,0,0.0787,1,False,false_positive
2583416,tick,0,0.033,0,True,correct
2583479,tick,0,0.078,1,False,false_positive
2585267,"biting_midge,mosquito,tick",0,0.0328,0,True,correct
2591803,tick,0,0.0393,0,True,correct
2593991,biting_midge,0,0.1931,1,False,false_positive
2594109,mosquito,0,0.0604,0,True,correct
2599624,mosquito,0,0.0425,0,True,correct
2601858,mosquito,0,0.0667,0,True,correct
2602438,mosquito,0,0.1573,1,False,false_positive
2606251,mosquito,0,0.1955,1,False,false_positive
2607737,mosquito,0,0.055,0,True,correct
2607738,mosquito,0,0.0547,0,True,correct
2607739,mosquito,0,0.0499,0,True,correct
2609058,mosquito,0,0.0621,0,True,correct
2609059,mosquito,0,0.0429,0,True,correct
2650668,mosquito,0,0.0385,0,True,correct
2651930,mosquito,0,0.0306,0,True,correct
2651931,mosquito,0,0.0177,0,True,correct
2651939,mosquito,0,0.1291,1,False,false_positive
2654565,tick,0,0.1251,1,False,false_positive
2656737,mosquito,0,0.0236,0,True,correct
2661633,mosquito,0,0.027,0,True,correct
2661634,mosquito,0,0.036,0,True,correct
2661635,mosquito,0,0.0356,0,True,correct
2661637,mosquito,0,0.0063,0,True,correct
2663720,mosquito,0,0.0072,0,True,correct
2663721,mosquito,0,0.0324,0,True,correct
2665414,mosquito,0,0.0662,0,True,correct
2679909,mosquito,0,0.0372,0,True,correct
2684265,mosquito,0,0.0211,0,True,correct
2686042,mosquito,0,0.0609,0,True,correct
2686043,mosquito,0,0.0163,0,True,correct
2689332,mosquito,0,0.0218,0,True,correct
2689333,mosquito,0,0.0504,0,True,correct
2689334,mosquito,0,0.021,0,True,correct
2689335,mosquito,0,0.0507,0,True,correct
2689355,mosquito,0,0.0171,0,True,correct
2689356,mosquito,0,0.0476,0,True,correct
2689367,mosquito,0,0.1292,1,False,false_positive
2689369,mosquito,0,0.0229,0,True,correct
2696479,mosquito,0,0.0577,0,True,correct
2697641,tick,0,0.0308,0,True,correct
2697642,tick,0,0.0528,0,True,correct
2697643,tick,0,0.0653,0,True,correct
2699153,biting_midge,0,0.0548,0,True,correct
2704630,tick,0,0.0378,0,True,correct
2704634,tick,0,0.0921,1,False,false_positive
2704635,tick,0,0.1032,1,False,false_positive
2704636,tick,0,0.0932,1,False,false_positive
2712734,mosquito,0,0.0711,0,True,correct
2713211,tick,0,0.2932,1,False,false_positive
2713212,tick,0,0.0112,0,True,correct
2713454,tick,0,0.0254,0,True,correct
2715178,tick,0,0.0778,1,False,false_positive
2715208,biting_midge,0,0.0225,0,True,correct
2725580,tick,0,0.0085,0,True,correct
2733038,mosquito,0,0.0326,0,True,correct
2734366,mosquito,0,0.0215,0,True,correct
2734392,mosquito,0,0.0623,0,True,correct
2734393,mosquito,0,0.0581,0,True,correct
2734394,mosquito,0,0.0274,0,True,correct
2734395,mosquito,0,0.0442,0,True,correct
2734396,mosquito,0,0.0644,0,True,correct
2737675,tick,0,0.0854,1,False,false_positive
2739773,tick,0,0.0288,0,True,correct
2739774,tick,0,0.1265,1,False,false_positive
2740136,tick,0,0.0386,0,True,correct
2741539,mosquito,0,0.0268,0,True,correct
2744400,biting_midge,0,0.0375,0,True,correct
2744401,biting_midge,0,0.244,1,False,false_positive
2744402,biting_midge,0,0.0331,0,True,correct
2748196,mosquito,0,0.0698,0,True,correct
2748203,mosquito,0,0.0588,0,True,correct
2748206,mosquito,0,0.0708,0,True,correct
2748208,mosquito,0,0.0476,0,True,correct
2748212,mosquito,0,0.0154,0,True,correct
2748231,mosquito,0,0.0333,0,True,correct
2748232,mosquito,0,0.0634,0,True,correct
2748234,mosquito,0,0.0373,0,True,correct
2748235,tick,0,0.0464,0,True,correct
2748236,mosquito,0,0.0837,1,False,false_positive
2748237,mosquito,0,0.0591,0,True,correct
2748238,mosquito,0,0.0283,0,True,correct
2748240,mosquito,0,0.0158,0,True,correct
2748244,mosquito,0,0.028,0,True,correct
2748249,mosquito,0,0.0331,0,True,correct
2748250,mosquito,0,0.1601,1,False,false_positive
2748252,tick,1,0.0554,0,False,false_negative
2748254,mosquito,1,0.0809,1,True,correct
2748958,tick,1,0.3317,1,True,correct
2751814,mosquito,0,0.1423,1,False,false_positive
2751815,mosquito,0,0.0259,0,True,correct
2751816,mosquito,0,0.0242,0,True,correct
2755150,mosquito,0,0.0326,0,True,correct
2755151,mosquito,0,0.0236,0,True,correct
2755152,mosquito,0,0.0302,0,True,correct
2755159,mosquito,0,0.0242,0,True,correct
2759331,biting_midge,0,0.0318,0,True,correct
2767007,tick,0,0.0349,0,True,correct
2771463,mosquito,0,0.0827,1,False,false_positive
2775126,tick,0,0.1958,1,False,false_positive
2776145,tick,0,0.0284,0,True,correct
2777462,tick,0,0.08,1,False,false_positive
2789410,tick,0,0.0525,0,True,correct
2789411,tick,0,0.0221,0,True,correct
2789412,tick,0,0.1792,1,False,false_positive
2789883,mosquito,0,0.0578,0,True,correct
2789884,mosquito,0,0.0471,0,True,correct
2795181,"mosquito,tick",0,0.1456,1,False,false_positive
2800873,tick,0,0.0489,0,True,correct
2800878,tick,0,0.0499,0,True,correct
2800880,tick,0,0.0475,0,True,correct
2800884,tick,0,0.0603,0,True,correct
2805753,mosquito,0,0.0814,1,False,false_positive
2805754,mosquito,0,0.0398,0,True,correct
2805769,mosquito,0,0.0166,0,True,correct
2805770,mosquito,0,0.0355,0,True,correct
2805771,mosquito,0,0.1669,1,False,false_positive
2805772,mosquito,0,0.0183,0,True,correct
2807198,tick,0,0.033,0,True,correct
2809007,biting_midge,0,0.023,0,True,correct
2809312,tick,0,0.0187,0,True,correct
2809440,biting_midge,0,0.0323,0,True,correct
2809515,tick,0,0.0332,0,True,correct
2809575,mosquito,0,0.0349,0,True,correct
2809669,mosquito,0,0.0402,0,True,correct
2809670,biting_midge,0,0.0448,0,True,correct
2809795,tick,0,0.065,0,True,correct
2809846,mosquito,0,0.0043,0,True,correct
2810278,tick,0,0.07,0,True,correct
2810711,tick,0,0.02,0,True,correct
2811963,tick,0,0.0551,0,True,correct
2816848,tick,0,0.0196,0,True,correct
2816849,tick,0,0.0703,0,True,correct
2816850,tick,0,0.0379,0,True,correct
2817036,mosquito,0,0.0314,0,True,correct
2825847,tick,0,0.1518,1,False,false_positive
2829081,tick,0,0.1988,1,False,false_positive
2839030,tick,0,0.7079,1,False,false_positive
2841875,biting_midge,0,0.0424,0,True,correct
2843859,tick,0,0.0114,0,True,correct
2847048,tick,0,0.3967,1,False,false_positive
2847813,tick,0,0.0371,0,True,correct
2847820,mosquito,0,0.0646,0,True,correct
2847851,mosquito,0,0.1631,1,False,false_positive
2848037,mosquito,0,0.0317,0,True,correct
2848310,tick,0,0.3346,1,False,false_positive
2849717,tick,0,0.1013,1,False,false_positive
2849718,mosquito,0,0.0338,0,True,correct
2849744,mosquito,0,0.0429,0,True,correct
2851136,mosquito,0,0.0569,0,True,correct
2851137,mosquito,0,0.0398,0,True,correct
2851139,mosquito,0,0.0129,0,True,correct
2851140,mosquito,0,0.0293,0,True,correct
2855390,mosquito,0,0.0321,0,True,correct
2859665,mosquito,0,0.2545,1,False,false_positive
2859666,mosquito,0,0.1099,1,False,false_positive
2860948,mosquito,0,0.0345,0,True,correct
2860949,mosquito,0,0.035,0,True,correct
2861005,mosquito,0,0.2122,1,False,false_positive
2863959,mosquito,0,0.1216,1,False,false_positive
2863960,mosquito,0,0.0447,0,True,correct
2867436,tick,0,0.0543,0,True,correct
2867438,tick,0,0.0271,0,True,correct
2872738,tick,0,0.0409,0,True,correct
2874031,tick,0,0.0263,0,True,correct
2875329,tick,0,0.1941,1,False,false_positive
2877428,mosquito,0,0.0167,0,True,correct
2877507,tick,0,0.2481,1,False,false_positive
2884278,mosquito,0,0.0323,0,True,correct
2886224,mosquito,0,0.0132,0,True,correct
2892532,mosquito,0,0.0383,0,True,correct
2892543,mosquito,0,0.0275,0,True,correct
2894005,mosquito,0,0.0739,1,False,false_positive
2895586,mosquito,0,0.0429,0,True,correct
2895587,mosquito,0,0.0554,0,True,correct
2895588,mosquito,0,0.0505,0,True,correct
2895589,mosquito,0,0.031,0,True,correct
2895591,mosquito,0,0.0529,0,True,correct
2895592,mosquito,0,0.0463,0,True,correct
2895594,mosquito,0,0.0219,0,True,correct
2895596,mosquito,0,0.0598,0,True,correct
2895600,mosquito,0,0.0472,0,True,correct
2895602,mosquito,0,0.0262,0,True,correct
2895604,mosquito,0,0.0682,0,True,correct
2895607,mosquito,0,0.026,0,True,correct
2895608,mosquito,0,0.0941,1,False,false_positive
2895609,mosquito,0,0.0383,0,True,correct
2895613,mosquito,0,0.037,0,True,correct
2895616,mosquito,0,0.0286,0,True,correct
2895618,mosquito,0,0.1205,1,False,false_positive
2895619,mosquito,0,0.0422,0,True,correct
2899249,mosquito,0,0.0262,0,True,correct
2902617,mosquito,0,0.0481,0,True,correct
2902639,mosquito,0,0.0549,0,True,correct
2902641,mosquito,0,0.0262,0,True,correct
2904963,mosquito,0,0.2039,1,False,false_positive
2911995,mosquito,0,0.0333,0,True,correct
2913605,tick,0,0.0384,0,True,correct
2914978,tick,0,0.0307,0,True,correct
2922982,biting_midge,0,0.0828,1,False,false_positive
2940812,mosquito,0,0.0297,0,True,correct
2943855,tick,0,0.0198,0,True,correct
2950731,tick,0,0.2829,1,False,false_positive
2950732,tick,0,0.0559,0,True,correct
2950733,tick,0,0.0472,0,True,correct
2950736,tick,0,0.1681,1,False,false_positive
2950737,tick,0,0.0553,0,True,correct
2951068,mosquito,0,0.0449,0,True,correct
2951069,mosquito,0,0.0342,0,True,correct
2951464,tick,0,0.2161,1,False,false_positive
2951465,tick,0,0.0543,0,True,correct
2951466,tick,0,0.0135,0,True,correct
2951468,tick,0,0.0062,0,True,correct
2951469,tick,0,0.031,0,True,correct
2951470,tick,0,0.0356,0,True,correct
2951471,tick,0,0.1048,1,False,false_positive
2951472,tick,0,0.0408,0,True,correct
2951473,tick,0,0.0934,1,False,false_positive
2951474,tick,0,0.0338,0,True,correct
2951475,tick,0,0.0273,0,True,correct
2951476,tick,0,0.0544,0,True,correct
2951477,tick,0,0.0195,0,True,correct
2951478,tick,0,0.0695,0,True,correct
2951479,tick,0,0.0748,1,False,false_positive
2951480,tick,0,0.1402,1,False,false_positive
2951481,tick,0,0.1292,1,False,false_positive
2951482,tick,0,0.1023,1,False,false_positive
2951483,tick,0,0.105,1,False,false_positive
2951484,tick,0,0.0535,0,True,correct
2951485,tick,0,0.0356,0,True,correct
2951486,tick,0,0.0413,0,True,correct
2951487,tick,0,0.0433,0,True,correct
2951488,tick,0,0.0328,0,True,correct
2951489,tick,0,0.0525,0,True,correct
2951490,tick,0,0.0726,1,False,false_positive
2951491,tick,0,0.051,0,True,correct
2951492,tick,0,0.0656,0,True,correct
2951493,tick,0,0.0515,0,True,correct
2952018,mosquito,0,0.0496,0,True,correct
2952019,mosquito,0,0.0207,0,True,correct
2952020,mosquito,0,0.01,0,True,correct
2952021,mosquito,0,0.025,0,True,correct
2952022,mosquito,0,0.0178,0,True,correct
2952023,mosquito,0,0.0491,0,True,correct
2952024,mosquito,0,0.0495,0,True,correct
2952025,mosquito,0,0.1086,1,False,false_positive
2952026,mosquito,0,0.036,0,True,correct
2952027,mosquito,0,0.0302,0,True,correct
2952028,mosquito,0,0.0279,0,True,correct
2952029,mosquito,0,0.0594,0,True,correct
2952039,mosquito,0,0.0293,0,True,correct
2952040,mosquito,0,0.1777,1,False,false_positive
2959765,tick,0,0.0219,0,True,correct
2960741,mosquito,0,0.0439,0,True,correct
2970553,mosquito,0,0.0742,1,False,false_positive
2972099,tick,0,0.1876,1,False,false_positive
2972217,tick,0,0.0173,0,True,correct
2972218,tick,0,0.0562,0,True,correct
2972220,tick,0,0.0882,1,False,false_positive
2972221,tick,0,0.0513,0,True,correct
2972222,tick,0,0.0286,0,True,correct
2972223,tick,0,0.0513,0,True,correct
2972252,tick,0,0.0531,0,True,correct
2972253,tick,0,0.0389,0,True,correct
2972254,tick,0,0.027,0,True,correct
2972255,tick,0,0.0597,0,True,correct
2972257,tick,0,0.0353,0,True,correct
2972258,tick,0,0.0684,0,True,correct
2972259,tick,0,0.035,0,True,correct
2972260,tick,0,0.0058,0,True,correct
2972261,tick,0,0.1091,1,False,false_positive
2972262,tick,0,0.1092,1,False,false_positive
2972263,tick,0,0.0425,0,True,correct
2972264,tick,0,0.0326,0,True,correct
2972283,tick,0,0.0593,0,True,correct
2972284,tick,0,0.0391,0,True,correct
2972285,tick,0,0.0934,1,False,false_positive
2972286,tick,0,0.0336,0,True,correct
2972287,tick,0,0.0385,0,True,correct
2972288,tick,0,0.4295,1,False,false_positive
2972289,tick,0,0.1206,1,False,false_positive
2972290,tick,0,0.079,1,False,false_positive
2972291,tick,0,0.025,0,True,correct
2972292,tick,0,0.0184,0,True,correct
2972293,tick,0,0.0521,0,True,correct
2972294,tick,0,0.167,1,False,false_positive
2972295,tick,0,0.0146,0,True,correct
2972298,tick,0,0.0177,0,True,correct
2972299,tick,0,0.0544,0,True,correct
2972300,tick,0,0.2326,1,False,false_positive
2972301,tick,0,0.1207,1,False,false_positive
2972302,tick,0,0.0852,1,False,false_positive
2972303,tick,0,0.0455,0,True,correct
2972304,tick,0,0.1231,1,False,false_positive
2972305,tick,0,0.0247,0,True,correct
2972306,tick,0,0.0476,0,True,correct
2972321,tick,0,0.0354,0,True,correct
2972323,tick,0,0.011,0,True,correct
2972325,tick,0,0.0537,0,True,correct
2972326,tick,0,0.0323,0,True,correct
2972327,tick,0,0.0315,0,True,correct
2972329,tick,0,0.0472,0,True,correct
2972330,tick,0,0.0185,0,True,correct
2972331,tick,0,0.0214,0,True,correct
2972332,tick,0,0.0268,0,True,correct
2972333,tick,0,0.0352,0,True,correct
2972335,tick,0,0.0646,0,True,correct
2972336,tick,0,0.0256,0,True,correct
2972337,tick,0,0.0195,0,True,correct
2972338,tick,0,0.0447,0,True,correct
2972340,tick,0,0.0172,0,True,correct
2976198,biting_midge,0,0.0905,1,False,false_positive
2977130,tick,0,0.0324,0,True,correct
2977131,tick,0,0.0452,0,True,correct
2977134,tick,0,0.0158,0,True,correct
2980397,mosquito,0,0.0242,0,True,correct
2980398,mosquito,0,0.0175,0,True,correct
2980574,mosquito,0,0.0348,0,True,correct
2980575,mosquito,0,0.0079,0,True,correct
2980576,mosquito,0,0.0221,0,True,correct
2980578,mosquito,0,0.0501,0,True,correct
2980582,mosquito,0,0.0615,0,True,correct
2980584,mosquito,0,0.0686,0,True,correct
2980586,mosquito,0,0.0361,0,True,correct
2980601,mosquito,0,0.0356,0,True,correct
2980602,mosquito,0,0.0562,0,True,correct
2980603,mosquito,0,0.0426,0,True,correct
2980604,mosquito,0,0.0499,0,True,correct
2980605,mosquito,0,0.0164,0,True,correct
2980606,mosquito,0,0.0202,0,True,correct
2980607,mosquito,0,0.0116,0,True,correct
2980608,mosquito,0,0.0405,0,True,correct
2980609,mosquito,0,0.0253,0,True,correct
2980610,mosquito,0,0.0322,0,True,correct
2980611,mosquito,0,0.0423,0,True,correct
2980612,mosquito,0,0.0254,0,True,correct
2980613,mosquito,0,0.0239,0,True,correct
2980618,mosquito,0,0.0326,0,True,correct
2980629,mosquito,0,0.0273,0,True,correct
2982807,"mosquito,tick",0,0.1448,1,False,false_positive
2983972,tick,0,0.0229,0,True,correct
2983973,tick,0,0.0348,0,True,correct
2983974,tick,0,0.0509,0,True,correct
2983975,tick,0,0.0395,0,True,correct
2983976,tick,0,0.0194,0,True,correct
2983978,tick,0,0.0696,0,True,correct
2985555,tick,0,0.1065,1,False,false_positive
2992311,tick,0,0.2708,1,False,false_positive
2994983,tick,0,0.045,0,True,correct
2994984,tick,0,0.0235,0,True,correct
2996457,tick,0,0.0908,1,False,false_positive
2996478,mosquito,0,0.0335,0,True,correct
2998222,tick,0,0.078,1,False,false_positive
3014795,mosquito,0,0.0316,0,True,correct
3015520,mosquito,0,0.0294,0,True,correct
3015522,mosquito,0,0.0349,0,True,correct
3015525,mosquito,0,0.0231,0,True,correct
3015527,mosquito,0,0.0336,0,True,correct
3015530,mosquito,0,0.0263,0,True,correct
3015532,mosquito,0,0.0395,0,True,correct
3038384,tick,0,0.0171,0,True,correct
3038386,tick,0,0.0157,0,True,correct
3042448,tick,0,0.0208,0,True,correct
3043486,mosquito,0,0.0288,0,True,correct
3043492,mosquito,0,0.0112,0,True,correct
3043598,tick,0,0.1474,1,False,false_positive
3043611,mosquito,0,0.0711,0,True,correct
3045052,mosquito,0,0.0445,0,True,correct
3046367,tick,0,0.0358,0,True,correct
3048655,mosquito,0,0.0304,0,True,correct
3050965,mosquito,0,0.0484,0,True,correct
3051319,mosquito,0,0.0326,0,True,correct
3052226,tick,0,0.1575,1,False,false_positive
3052241,mosquito,0,0.0355,0,True,correct
3052261,tick,0,0.0309,0,True,correct
3052303,tick,1,0.3795,1,True,correct
3052328,tick,1,0.168,1,True,correct
3052329,tick,1,0.1319,1,True,correct
3052364,mosquito,0,0.0206,0,True,correct
3052376,mosquito,0,0.0122,0,True,correct
3052378,mosquito,0,0.0447,0,True,correct
3052384,mosquito,0,0.2015,1,False,false_positive
3052405,biting_midge,0,0.1013,1,False,false_positive
3052427,mosquito,0,0.0662,0,True,correct
3052440,"biting_midge,mosquito",1,0.0418,0,False,false_negative
3052441,mosquito,0,0.2689,1,False,false_positive
3052444,mosquito,1,0.2025,1,True,correct
3052445,mosquito,1,0.259,1,True,correct
3052456,mosquito,1,0.152,1,True,correct
3052465,tick,0,0.3867,1,False,false_positive
3052466,mosquito,0,0.5144,1,False,false_positive
3052493,mosquito,1,0.0846,1,True,correct
3052510,tick,1,0.3379,1,True,correct
3052511,tick,0,0.0575,0,True,correct
3052512,tick,0,0.0227,0,True,correct
3052514,tick,1,0.0363,0,False,false_negative
3052518,tick,1,0.0609,0,False,false_negative
3052520,tick,0,0.0527,0,True,correct
3052529,tick,0,0.1552,1,False,false_positive
3052534,tick,0,0.1617,1,False,false_positive
3052631,mosquito,0,0.0313,0,True,correct
3052633,mosquito,0,0.021,0,True,correct
3052664,tick,0,0.056,0,True,correct
3052799,tick,0,0.0969,1,False,false_positive
3055744,mosquito,0,0.0371,0,True,correct
3055745,mosquito,0,0.0654,0,True,correct
3055746,mosquito,0,0.0166,0,True,correct
3055747,mosquito,0,0.0191,0,True,correct
3055749,mosquito,0,0.0297,0,True,correct
3055751,mosquito,0,0.0227,0,True,correct
3056569,mosquito,0,0.0341,0,True,correct
3056570,mosquito,0,0.0293,0,True,correct
3056571,mosquito,0,0.0323,0,True,correct
3056572,mosquito,0,0.0318,0,True,correct
3056573,mosquito,0,0.0296,0,True,correct
3058444,tick,0,0.4815,1,False,false_positive
3060160,mosquito,0,0.0359,0,True,correct
3060500,mosquito,0,0.0219,0,True,correct
3060506,tick,0,0.1361,1,False,false_positive
3061651,tick,0,0.3227,1,False,false_positive
3061653,tick,0,0.0866,1,False,false_positive
3064049,tick,0,0.1335,1,False,false_positive
3064052,tick,0,0.1592,1,False,false_positive
3064053,tick,0,0.0551,0,True,correct
3064058,tick,0,0.1455,1,False,false_positive
3064181,mosquito,0,0.027,0,True,correct
3070203,mosquito,0,0.0369,0,True,correct
3072949,mosquito,0,0.0408,0,True,correct
3072959,mosquito,0,0.0232,0,True,correct
3072960,mosquito,0,0.0288,0,True,correct
3076944,biting_midge,0,0.0454,0,True,correct
3076945,biting_midge,0,0.0319,0,True,correct
3077360,mosquito,0,0.037,0,True,correct
3077377,mosquito,0,0.0287,0,True,correct
3077378,mosquito,0,0.0489,0,True,correct
3077879,biting_midge,0,0.0376,0,True,correct
3078402,mosquito,0,0.0164,0,True,correct
3078403,mosquito,0,0.0271,0,True,correct
3078422,mosquito,0,0.1935,1,False,false_positive
3078550,tick,0,0.0461,0,True,correct
3081665,mosquito,0,0.2169,1,False,false_positive
3081666,mosquito,0,0.0053,0,True,correct
3104761,mosquito,0,0.0233,0,True,correct
3108755,tick,0,0.0727,1,False,false_positive
3118306,mosquito,0,0.0405,0,True,correct
3118734,tick,0,0.0736,1,False,false_positive
3126522,tick,0,0.2663,1,False,false_positive
3129116,mosquito,0,0.034,0,True,correct
3132239,mosquito,0,0.0392,0,True,correct
3154161,tick,0,0.0429,0,True,correct
3154162,tick,0,0.0391,0,True,correct
3154163,tick,0,0.0575,0,True,correct
3154165,tick,0,0.2141,1,False,false_positive
3239312,biting_midge,0,0.0684,0,True,correct
3239313,biting_midge,0,0.0568,0,True,correct
3239314,biting_midge,0,0.0306,0,True,correct
3239315,biting_midge,0,0.0484,0,True,correct
3239316,biting_midge,0,0.033,0,True,correct
3239317,biting_midge,0,0.0356,0,True,correct
3239318,biting_midge,0,0.0399,0,True,correct
3239341,mosquito,0,0.0111,0,True,correct
3239343,mosquito,0,0.0284,0,True,correct
3239344,mosquito,0,0.0124,0,True,correct
3239817,mosquito,0,0.0928,1,False,false_positive
3239818,mosquito,0,0.0441,0,True,correct
3241300,mosquito,0,0.0458,0,True,correct
3241517,tick,0,0.0292,0,True,correct
3241518,tick,0,0.056,0,True,correct
3248547,tick,0,0.1041,1,False,false_positive
3345038,mosquito,0,0.0715,0,True,correct
3345039,mosquito,0,0.0334,0,True,correct
3345144,mosquito,0,0.0061,0,True,correct
3345145,mosquito,0,0.0393,0,True,correct
3345198,mosquito,0,0.0208,0,True,correct
3348409,tick,0,0.0718,0,True,correct
3366332,tick,0,0.0506,0,True,correct
3367773,biting_midge,0,0.0371,0,True,correct
3377005,tick,0,0.0419,0,True,correct
3377089,tick,0,0.0245,0,True,correct
3377596,biting_midge,0,0.0298,0,True,correct
3377597,biting_midge,0,0.0992,1,False,false_positive
3377598,biting_midge,0,0.0427,0,True,correct
3377599,biting_midge,0,0.0196,0,True,correct
3377601,biting_midge,0,0.0391,0,True,correct
3377602,biting_midge,0,0.0331,0,True,correct
3377603,biting_midge,0,0.0349,0,True,correct
3381433,tick,0,0.0496,0,True,correct
3382194,tick,0,0.048,0,True,correct
3383105,tick,0,0.0675,0,True,correct
3391156,tick,0,0.0105,0,True,correct
3391820,tick,0,0.0883,1,False,false_positive
3393475,tick,0,0.0578,0,True,correct
3393476,tick,0,0.0319,0,True,correct
3394922,tick,0,0.0408,0,True,correct
3394926,tick,0,0.0793,1,False,false_positive
3396455,tick,0,0.061,0,True,correct
3396564,tick,0,0.0627,0,True,correct
3397829,mosquito,0,0.0219,0,True,correct
3399804,tick,0,0.069,0,True,correct
3401101,tick,0,0.0205,0,True,correct
3401104,tick,0,0.1912,1,False,false_positive
3401106,tick,0,0.0662,0,True,correct
3403577,mosquito,0,0.037,0,True,correct
3403579,mosquito,0,0.0535,0,True,correct
3406653,tick,0,0.1718,1,False,false_positive
3416183,tick,0,0.1106,1,False,false_positive
3416578,mosquito,0,0.0499,0,True,correct
3416579,mosquito,0,0.0132,0,True,correct
3416580,mosquito,0,0.0864,1,False,false_positive
3416581,mosquito,0,0.0661,0,True,correct
3416584,mosquito,0,0.0263,0,True,correct
3424593,mosquito,0,0.0702,0,True,correct
3426274,tick,0,0.0712,0,True,correct
3426305,mosquito,0,0.1516,1,False,false_positive
3431265,mosquito,0,0.057,0,True,correct
3433932,tick,0,0.0893,1,False,false_positive
3433935,tick,0,0.1768,1,False,false_positive
3433937,tick,0,0.1144,1,False,false_positive
3433938,tick,0,0.0326,0,True,correct
3433940,tick,0,0.0593,0,True,correct
3433941,tick,0,0.0363,0,True,correct
3438446,mosquito,0,0.0427,0,True,correct
3446378,mosquito,0,0.0272,0,True,correct
3451421,tick,0,0.0968,1,False,false_positive
3451422,tick,0,0.0225,0,True,correct
3451423,tick,0,0.0406,0,True,correct
3451424,tick,0,0.0682,0,True,correct
3451425,tick,0,0.0341,0,True,correct
3451426,tick,0,0.0296,0,True,correct
3451443,tick,0,0.0365,0,True,correct
3459223,mosquito,0,0.03,0,True,correct
3459225,mosquito,0,0.0581,0,True,correct
3459227,mosquito,0,0.047,0,True,correct
3459234,mosquito,0,0.0373,0,True,correct
3459235,tick,0,0.0588,0,True,correct
3459236,mosquito,0,0.029,0,True,correct
3459237,biting_midge,0,0.0828,1,False,false_positive
3459241,mosquito,0,0.0278,0,True,correct
3459247,mosquito,0,0.0598,0,True,correct
3459248,tick,0,0.1281,1,False,false_positive
3466800,tick,0,0.0147,0,True,correct
3467368,tick,0,0.0597,0,True,correct
3467557,mosquito,0,0.027,0,True,correct
3467558,biting_midge,0,0.0512,0,True,correct
3467559,biting_midge,0,0.0357,0,True,correct
3467561,biting_midge,0,0.0563,0,True,correct
3467562,biting_midge,0,0.0361,0,True,correct
3467566,mosquito,0,0.1033,1,False,false_positive
3467571,tick,0,0.0333,0,True,correct
3467576,tick,0,0.033,0,True,correct
3467577,tick,0,0.0908,1,False,false_positive
3467602,mosquito,0,0.0934,1,False,false_positive
3467795,mosquito,0,0.112,1,False,false_positive
3467796,mosquito,0,0.0694,0,True,correct
3467800,mosquito,0,0.2213,1,False,false_positive
3467807,mosquito,0,0.0227,0,True,correct
3467808,mosquito,0,0.0304,0,True,correct
3467837,tick,0,0.0304,0,True,correct
3467851,tick,0,0.1343,1,False,false_positive
3683038,mosquito,0,0.1548,1,False,false_positive
3685803,mosquito,0,0.0203,0,True,correct
3696584,tick,0,0.0578,0,True,correct
3701621,mosquito,0,0.0393,0,True,correct
3701622,mosquito,0,0.0469,0,True,correct
3701623,mosquito,0,0.0345,0,True,correct
3707041,mosquito,0,0.1313,1,False,false_positive
