virus_taxid,virus_family,true_label,predicted_prob,predicted_label,correct,error_type
10243,Poxviridae,1,0.8624,1,True,correct
10244,Poxviridae,1,0.9048,1,True,correct
10245,Poxviridae,1,0.4352,0,False,false_negative
10255,Poxviridae,1,0.6392,1,True,correct
10258,Poxviridae,1,0.9659,1,True,correct
10279,Poxviridae,1,0.8139,1,True,correct
10298,Orthoherpesviridae,1,0.9067,1,True,correct
10310,Orthoherpesviridae,1,0.8247,1,True,correct
10325,Orthoherpesviridae,1,0.9302,1,True,correct
10335,Orthoherpesviridae,1,0.8014,1,True,correct
10345,Orthoherpesviridae,1,0.9487,1,True,correct
10353,Orthoherpesviridae,1,0.7509,1,True,correct
10359,Orthoherpesviridae,1,0.7676,1,True,correct
10372,Orthoherpesviridae,1,0.1362,0,False,false_negative
10376,Orthoherpesviridae,1,0.4444,0,False,false_negative
10381,Orthoherpesviridae,1,0.3689,0,False,false_negative
10515,Adenoviridae,0,0.6921,1,False,false_positive
10519,Adenoviridae,0,0.1613,0,True,correct
10522,Adenoviridae,0,0.2228,0,True,correct
10524,Adenoviridae,0,0.7561,1,False,false_positive
10528,Adenoviridae,0,0.439,0,True,correct
10529,Adenoviridae,0,0.1803,0,True,correct
10533,Adenoviridae,1,0.3841,0,False,false_negative
10566,Papillomaviridae,0,0.1722,0,True,correct
10573,Papillomaviridae,0,0.2412,0,True,correct
10579,Papillomaviridae,0,0.0496,0,True,correct
10580,Papillomaviridae,1,0.2456,0,False,false_negative
10585,Papillomaviridae,0,0.3782,0,True,correct
10586,Papillomaviridae,0,0.2632,0,True,correct
10587,Papillomaviridae,0,0.4215,0,True,correct
10588,Papillomaviridae,0,0.1767,0,True,correct
10589,Papillomaviridae,0,0.4219,0,True,correct
10590,Papillomaviridae,0,0.096,0,True,correct
10591,Papillomaviridae,0,0.0895,0,True,correct
10592,Papillomaviridae,0,0.2283,0,True,correct
10593,Papillomaviridae,0,0.1323,0,True,correct
10595,Papillomaviridae,0,0.0695,0,True,correct
10596,Papillomaviridae,0,0.1154,0,True,correct
10598,Papillomaviridae,0,0.0599,0,True,correct
10607,Papillomaviridae,0,0.1921,0,True,correct
10611,Papillomaviridae,0,0.1227,0,True,correct
10615,Papillomaviridae,0,0.1468,0,True,correct
10616,Papillomaviridae,0,0.1278,0,True,correct
10617,Papillomaviridae,0,0.1403,0,True,correct
10618,Papillomaviridae,0,0.3001,0,True,correct
10620,Papillomaviridae,0,0.2258,0,True,correct
10804,Parvoviridae,1,0.8797,1,True,correct
10941,Sedoreoviridae,1,0.7805,1,True,correct
10943,Sedoreoviridae,1,0.1369,0,False,false_negative
11020,Togaviridae,1,0.8133,1,True,correct
11021,Togaviridae,1,0.4925,0,False,false_negative
11023,Togaviridae,1,0.9028,1,True,correct
11024,Togaviridae,1,0.6891,1,True,correct
11029,Togaviridae,1,0.9222,1,True,correct
11033,Togaviridae,1,0.8701,1,True,correct
11036,Togaviridae,1,0.9125,1,True,correct
11039,Togaviridae,1,0.7905,1,True,correct
11053,Flaviviridae,1,0.5957,1,True,correct
11060,Flaviviridae,1,0.6469,1,True,correct
11069,Flaviviridae,1,0.5757,1,True,correct
11070,Flaviviridae,1,0.6432,1,True,correct
11072,Flaviviridae,1,0.8268,1,True,correct
11077,Flaviviridae,1,0.5112,1,True,correct
11079,Flaviviridae,1,0.8215,1,True,correct
11080,Flaviviridae,1,0.8185,1,True,correct
11082,Flaviviridae,1,0.8711,1,True,correct
11083,Flaviviridae,1,0.5539,1,True,correct
11084,Flaviviridae,1,0.8973,1,True,correct
11085,Flaviviridae,1,0.6167,1,True,correct
11086,Flaviviridae,1,0.7572,1,True,correct
11089,Flaviviridae,1,0.5671,1,True,correct
11099,Pestiviridae,1,0.5149,1,True,correct
11120,Coronaviridae,1,0.4,0,False,false_negative
11137,Coronaviridae,1,0.6106,1,True,correct
11138,Coronaviridae,1,0.5314,1,True,correct
11153,Coronaviridae,1,0.0426,0,False,false_negative
11216,Paramyxoviridae,1,0.8384,1,True,correct
11224,Paramyxoviridae,0,0.5202,1,False,false_positive
11250,Pneumoviridae,1,0.5665,1,True,correct
11263,Pneumoviridae,1,0.3152,0,False,false_negative
11276,Rhabdoviridae,1,0.7512,1,True,correct
11292,Rhabdoviridae,1,0.8964,1,True,correct
11318,Orthomyxoviridae,1,0.913,1,True,correct
11320,Orthomyxoviridae,1,0.8593,1,True,correct
11520,Orthomyxoviridae,1,0.8867,1,True,correct
11569,Orthomyxoviridae,1,0.9065,1,True,correct
11642,Retroviridae,1,0.3948,0,False,false_negative
11676,Retroviridae,1,0.7499,1,True,correct
11709,Retroviridae,1,0.7584,1,True,correct
11723,Retroviridae,1,0.5453,1,True,correct
11757,Retroviridae,1,0.8385,1,True,correct
11786,Retroviridae,1,0.9543,1,True,correct
11827,Retroviridae,0,0.527,1,False,false_positive
11840,Retroviridae,1,0.936,1,True,correct
11855,Retroviridae,1,0.3097,0,False,false_negative
11901,Retroviridae,1,0.7874,1,True,correct
11908,Retroviridae,1,0.2979,0,False,false_negative
11909,Retroviridae,1,0.8557,1,True,correct
11963,Retroviridae,1,0.0694,0,False,false_negative
11970,Retroviridae,1,0.8421,1,True,correct
12060,Picornaviridae,0,0.0304,0,True,correct
12063,Picornaviridae,0,0.0685,0,True,correct
12067,Picornaviridae,1,0.0607,0,False,false_negative
12069,Picornaviridae,1,0.2113,0,False,false_negative
12071,Picornaviridae,1,0.1922,0,False,false_negative
12072,Picornaviridae,1,0.3155,0,False,false_negative
12073,Picornaviridae,1,0.3082,0,False,false_negative
12075,Picornaviridae,1,0.0647,0,False,false_negative
12078,Picornaviridae,0,0.2025,0,True,correct
12080,Picornaviridae,1,0.1524,0,False,false_negative
12083,Picornaviridae,0,0.3372,0,True,correct
12086,Picornaviridae,0,0.5566,1,False,false_positive
12089,Picornaviridae,1,0.4308,0,False,false_negative
12090,Picornaviridae,1,0.1464,0,False,false_negative
12092,Picornaviridae,1,0.6738,1,True,correct
12104,Picornaviridae,1,0.8172,1,True,correct
12111,Picornaviridae,1,0.5,1,True,correct
12116,Picornaviridae,1,0.5205,1,True,correct
12118,Picornaviridae,1,0.4525,0,False,false_negative
12130,Picornaviridae,0,0.0531,0,True,correct
12131,Picornaviridae,0,0.0157,0,True,correct
12135,Picornaviridae,0,0.108,0,True,correct
12480,Polyomaviridae,1,0.331,0,False,false_negative
12538,Rhabdoviridae,1,0.7764,1,True,correct
12542,Flaviviridae,1,0.8872,1,True,correct
12618,Anelloviridae,1,0.5985,1,True,correct
12643,Poxviridae,1,0.6866,1,True,correct
12701,Astroviridae,0,0.23,0,True,correct
12721,Retroviridae,0,0.2209,0,True,correct
12730,Paramyxoviridae,1,0.7267,1,True,correct
12814,Pneumoviridae,1,0.1734,0,False,false_negative
28280,Adenoviridae,0,0.2924,0,True,correct
28285,Adenoviridae,1,0.3416,0,False,false_negative
28332,Retroviridae,0,0.4579,0,True,correct
28873,Poxviridae,1,0.5159,1,True,correct
28875,Sedoreoviridae,1,0.7791,1,True,correct
28876,Sedoreoviridae,1,0.0705,0,False,false_negative
31547,Papillomaviridae,0,0.0684,0,True,correct
31548,Papillomaviridae,0,0.0896,0,True,correct
31552,Papillomaviridae,1,0.2963,0,False,false_negative
31631,Coronaviridae,1,0.8045,1,True,correct
31704,Picornaviridae,1,0.6171,1,True,correct
31708,Picornaviridae,1,0.0811,0,False,false_negative
32603,Orthoherpesviridae,1,0.3641,0,False,false_negative
32604,Orthoherpesviridae,0,0.8871,1,False,false_positive
32608,Adenoviridae,0,0.6479,1,False,false_positive
33745,Hepaciviridae,0,0.3314,0,True,correct
33746,Hepaciviridae,0,0.2844,0,True,correct
33757,Picornaviridae,0,0.2978,0,True,correct
35293,Picornaviridae,0,0.2191,0,True,correct
35294,Picornaviridae,0,0.1385,0,True,correct
35295,Picornaviridae,0,0.0449,0,True,correct
35300,Astroviridae,0,0.5324,1,False,false_positive
35612,Caliciviridae,1,0.7697,1,True,correct
35740,Astroviridae,0,0.2597,0,True,correct
35741,Astroviridae,0,0.0609,0,True,correct
36427,Sedoreoviridae,1,0.1803,0,False,false_negative
37111,Papillomaviridae,0,0.1267,0,True,correct
37112,Papillomaviridae,0,0.0628,0,True,correct
37115,Papillomaviridae,0,0.2627,0,True,correct
37119,Papillomaviridae,0,0.0501,0,True,correct
37120,Papillomaviridae,0,0.4821,0,True,correct
37121,Papillomaviridae,0,0.174,0,True,correct
37124,Togaviridae,1,0.8714,1,True,correct
37130,Astroviridae,0,0.3747,0,True,correct
37296,Orthoherpesviridae,1,0.146,0,False,false_negative
37954,Papillomaviridae,0,0.0698,0,True,correct
37955,Papillomaviridae,0,0.1036,0,True,correct
37956,Papillomaviridae,0,0.1208,0,True,correct
37957,Papillomaviridae,0,0.0323,0,True,correct
37958,Papillomaviridae,0,0.141,0,True,correct
37959,Papillomaviridae,0,0.0405,0,True,correct
38766,Rhabdoviridae,1,0.7006,1,True,correct
38767,Rhabdoviridae,1,0.6842,1,True,correct
38804,Poxviridae,1,0.2384,0,False,false_negative
38950,Astroviridae,0,0.3317,0,True,correct
39054,Picornaviridae,1,0.0823,0,False,false_negative
39085,Picornaviridae,0,0.1045,0,True,correct
39457,Papillomaviridae,0,0.2494,0,True,correct
39767,Picornaviridae,0,0.047,0,True,correct
40052,Sedoreoviridae,1,0.453,0,False,false_negative
40053,Sedoreoviridae,1,0.5323,1,True,correct
40057,Sedoreoviridae,1,0.4813,0,False,false_negative
40058,Sedoreoviridae,1,0.4712,0,False,false_negative
40059,Sedoreoviridae,1,0.1327,0,False,false_negative
40064,Sedoreoviridae,1,0.1423,0,False,false_negative
40271,Hepaciviridae,0,0.3225,0,True,correct
40280,Picornaviridae,0,0.07,0,True,correct
40538,Papillomaviridae,0,0.1874,0,True,correct
40539,Papillomaviridae,0,0.0326,0,True,correct
41846,Picornaviridae,1,0.0728,0,False,false_negative
41856,Hepaciviridae,1,0.1897,0,False,false_negative
42182,Hepaciviridae,0,0.3067,0,True,correct
42567,Sedoreoviridae,1,0.1594,0,False,false_negative
42769,Picornaviridae,0,0.1906,0,True,correct
42770,Picornaviridae,0,0.6117,1,False,false_positive
42771,Picornaviridae,0,0.5514,1,False,false_positive
42772,Picornaviridae,1,0.5352,1,True,correct
42773,Picornaviridae,0,0.1516,0,True,correct
42774,Picornaviridae,0,0.1489,0,True,correct
42775,Picornaviridae,0,0.1867,0,True,correct
42776,Picornaviridae,0,0.0605,0,True,correct
42778,Picornaviridae,0,0.2416,0,True,correct
42779,Picornaviridae,0,0.101,0,True,correct
42782,Picornaviridae,1,0.6658,1,True,correct
42783,Picornaviridae,0,0.1678,0,True,correct
42784,Picornaviridae,0,0.0985,0,True,correct
42785,Picornaviridae,0,0.0216,0,True,correct
42786,Picornaviridae,0,0.0589,0,True,correct
42787,Picornaviridae,0,0.5787,1,False,false_positive
42788,Picornaviridae,0,0.144,0,True,correct
42789,Picornaviridae,1,0.766,1,True,correct
44024,Flaviviridae,1,0.6769,1,True,correct
44025,Flaviviridae,1,0.3759,0,False,false_negative
44026,Flaviviridae,1,0.8025,1,True,correct
44028,Papillomaviridae,0,0.1043,0,True,correct
44128,Picornaviridae,0,0.025,0,True,correct
44129,Picornaviridae,0,0.0672,0,True,correct
44130,Picornaviridae,0,0.0855,0,True,correct
44131,Picornaviridae,0,0.0823,0,True,correct
44132,Picornaviridae,0,0.1288,0,True,correct
44133,Picornaviridae,0,0.0537,0,True,correct
44135,Picornaviridae,0,0.0559,0,True,correct
44136,Picornaviridae,0,0.0543,0,True,correct
44137,Picornaviridae,0,0.0649,0,True,correct
44158,Togaviridae,1,0.8319,1,True,correct
45101,Picornaviridae,0,0.084,0,True,correct
45240,Papillomaviridae,0,0.1561,0,True,correct
45617,Retroviridae,0,0.4219,0,True,correct
45659,Adenoviridae,0,0.2273,0,True,correct
45999,Picornaviridae,0,0.2407,0,True,correct
46018,Picornaviridae,0,0.1771,0,True,correct
46350,Parvoviridae,0,0.9414,1,False,false_positive
46935,Adenoviridae,0,0.554,1,False,false_positive
47000,Picornaviridae,1,0.681,1,True,correct
47501,Picornaviridae,0,0.2738,0,True,correct
47503,Picornaviridae,1,0.2156,0,False,false_negative
47504,Picornaviridae,0,0.1438,0,True,correct
47505,Picornaviridae,0,0.0623,0,True,correct
47506,Picornaviridae,0,0.329,0,True,correct
47508,Picornaviridae,0,0.1207,0,True,correct
47509,Picornaviridae,0,0.2054,0,True,correct
47510,Picornaviridae,0,0.1836,0,True,correct
47511,Picornaviridae,0,0.2652,0,True,correct
47512,Picornaviridae,1,0.1718,0,False,false_negative
47513,Picornaviridae,0,0.2128,0,True,correct
47514,Picornaviridae,0,0.0936,0,True,correct
47515,Picornaviridae,0,0.2609,0,True,correct
47516,Picornaviridae,0,0.3473,0,True,correct
48542,Togaviridae,0,0.442,0,True,correct
48543,Togaviridae,1,0.8311,1,True,correct
50292,Orthoherpesviridae,1,0.7288,1,True,correct
51033,Papillomaviridae,0,0.0734,0,True,correct
53258,Poxviridae,0,0.2774,0,True,correct
54290,Hepaciviridae,1,0.7382,1,True,correct
54315,Pestiviridae,1,0.6599,1,True,correct
57482,Rhabdoviridae,1,0.7826,1,True,correct
57483,Rhabdoviridae,1,0.8717,1,True,correct
57579,Parvoviridae,1,0.8473,1,True,correct
57667,Retroviridae,1,0.6682,1,True,correct
59301,Togaviridae,1,0.7631,1,True,correct
59302,Togaviridae,1,0.5748,1,True,correct
59303,Togaviridae,1,0.1763,0,False,false_negative
59305,Togaviridae,0,0.4603,0,True,correct
59563,Flaviviridae,1,0.8081,1,True,correct
60875,Togaviridae,1,0.8721,1,True,correct
60876,Togaviridae,1,0.8641,1,True,correct
60877,Togaviridae,1,0.7942,1,True,correct
64280,Flaviviridae,1,0.6422,1,True,correct
64285,Flaviviridae,1,0.4172,0,False,false_negative
64286,Flaviviridae,1,0.7085,1,True,correct
64290,Flaviviridae,1,0.6395,1,True,correct
64292,Flaviviridae,0,0.8644,1,False,false_positive
64293,Flaviviridae,1,0.8312,1,True,correct
64300,Flaviviridae,1,0.6016,1,True,correct
64303,Flaviviridae,1,0.7359,1,True,correct
64305,Flaviviridae,1,0.7392,1,True,correct
64311,Flaviviridae,0,0.8044,1,False,false_positive
64312,Flaviviridae,1,0.3742,0,False,false_negative
64315,Flaviviridae,1,0.7814,1,True,correct
64318,Flaviviridae,1,0.7615,1,True,correct
64320,Flaviviridae,1,0.8855,1,True,correct
68887,Anelloviridae,1,0.1316,0,False,false_negative
72149,Picornaviridae,1,0.7071,1,True,correct
72197,Parvoviridae,0,0.3204,0,True,correct
73034,Sedoreoviridae,1,0.2082,0,False,false_negative
73036,Sedoreoviridae,1,0.6345,1,True,correct
74561,Picornaviridae,0,0.1234,0,True,correct
77763,Sedoreoviridae,1,0.1501,0,False,false_negative
79691,Papillomaviridae,0,0.0626,0,True,correct
82300,Parvoviridae,0,0.9116,1,False,false_positive
82639,Picornaviridae,0,0.0794,0,True,correct
84272,Togaviridae,0,0.5775,1,False,false_positive
85106,Parvoviridae,1,0.833,1,True,correct
85708,Circoviridae,1,0.483,0,False,false_negative
86107,Picornaviridae,0,0.6508,1,False,false_positive
86782,Hantaviridae,1,0.3558,0,False,false_negative
88059,Adenoviridae,0,0.8235,1,False,false_positive
90961,Rhabdoviridae,1,0.4096,0,False,false_negative
93678,Anelloviridae,1,0.1202,0,False,false_negative
93830,Hantaviridae,0,0.6915,1,False,false_positive
95340,Caliciviridae,1,0.3111,0,False,false_negative
99000,Poxviridae,1,0.0986,0,False,false_negative
99565,Caliciviridae,0,0.5,1,False,false_positive
102796,Orthomyxoviridae,1,0.8009,1,True,correct
102801,Orthomyxoviridae,1,0.7912,1,True,correct
104580,Sedoreoviridae,1,0.3642,0,False,false_negative
106820,Hepadnaviridae,0,0.4664,0,True,correct
106966,Picornaviridae,1,0.1048,0,False,false_negative
114654,Retroviridae,0,0.7696,1,False,false_positive
114727,Orthomyxoviridae,1,0.9008,1,True,correct
114728,Orthomyxoviridae,1,0.9003,1,True,correct
114729,Orthomyxoviridae,1,0.8247,1,True,correct
118027,Spinareoviridae,1,0.5709,1,True,correct
119210,Orthomyxoviridae,1,0.8625,1,True,correct
119218,Orthomyxoviridae,1,0.904,1,True,correct
120381,Papillomaviridae,0,0.229,0,True,correct
120686,Papillomaviridae,0,0.0828,0,True,correct
122928,Caliciviridae,1,0.8735,1,True,correct
122929,Caliciviridae,1,0.7155,1,True,correct
123738,Picornaviridae,0,0.1849,0,True,correct
129724,Papillomaviridae,0,0.2584,0,True,correct
129726,Poxviridae,1,0.9575,1,True,correct
129727,Poxviridae,1,0.8979,1,True,correct
129875,Adenoviridae,1,0.5325,1,True,correct
130308,Adenoviridae,1,0.532,1,True,correct
130309,Adenoviridae,1,0.5209,1,True,correct
130310,Adenoviridae,1,0.2603,0,False,false_negative
132484,Paramyxoviridae,0,0.8237,1,False,false_positive
133704,Circoviridae,1,0.638,1,True,correct
136966,Anelloviridae,0,0.0891,0,True,correct
138948,Picornaviridae,1,0.3212,0,False,false_negative
138949,Picornaviridae,1,0.3758,0,False,false_negative
138950,Picornaviridae,1,0.4112,0,False,false_negative
145856,Picobirnaviridae,1,0.4543,0,False,false_negative
147672,Picornaviridae,0,0.0475,0,True,correct
147673,Picornaviridae,0,0.0462,0,True,correct
147674,Picornaviridae,0,0.0304,0,True,correct
147675,Picornaviridae,0,0.0404,0,True,correct
147676,Picornaviridae,0,0.0785,0,True,correct
147677,Picornaviridae,0,0.0999,0,True,correct
147678,Picornaviridae,0,0.0282,0,True,correct
147679,Picornaviridae,0,0.0541,0,True,correct
147680,Picornaviridae,0,0.0728,0,True,correct
147681,Picornaviridae,0,0.5072,1,False,false_positive
147683,Picornaviridae,0,0.0776,0,True,correct
147684,Picornaviridae,0,0.0364,0,True,correct
147685,Picornaviridae,0,0.1961,0,True,correct
147711,Picornaviridae,0,0.0763,0,True,correct
147712,Picornaviridae,0,0.0345,0,True,correct
147714,Picornaviridae,0,0.3233,0,True,correct
150546,Papillomaviridae,0,0.2984,0,True,correct
150904,Picornaviridae,0,0.1143,0,True,correct
157802,Orthomyxoviridae,1,0.7346,1,True,correct
159079,Paramyxoviridae,1,0.7307,1,True,correct
162145,Pneumoviridae,1,0.7962,1,True,correct
164416,Flaviviridae,1,0.7243,1,True,correct
167321,Picornaviridae,0,0.0475,0,True,correct
167322,Picornaviridae,0,0.0207,0,True,correct
167324,Picornaviridae,0,0.0527,0,True,correct
167325,Picornaviridae,0,0.0975,0,True,correct
167326,Picornaviridae,0,0.0352,0,True,correct
167327,Picornaviridae,0,0.0594,0,True,correct
167328,Picornaviridae,0,0.062,0,True,correct
167329,Picornaviridae,0,0.176,0,True,correct
167330,Picornaviridae,0,0.1142,0,True,correct
171370,Papillomaviridae,0,0.609,1,False,false_positive
171720,Picornaviridae,0,0.1433,0,True,correct
172148,Flaviviridae,1,0.7412,1,True,correct
172314,Picornaviridae,1,0.5471,1,True,correct
180170,Iridoviridae,0,0.2683,0,True,correct
181003,Peribunyaviridae,0,0.4598,0,True,correct
185579,Hepeviridae,1,0.2347,0,False,false_negative
185580,Hepeviridae,1,0.212,0,False,false_negative
185889,Picornaviridae,0,0.0181,0,True,correct
185890,Picornaviridae,0,0.0208,0,True,correct
185891,Picornaviridae,0,0.0222,0,True,correct
185892,Picornaviridae,0,0.0339,0,True,correct
185893,Picornaviridae,0,0.067,0,True,correct
185894,Picornaviridae,0,0.0469,0,True,correct
185895,Picornaviridae,0,0.013,0,True,correct
185896,Picornaviridae,0,0.05,0,True,correct
185897,Picornaviridae,0,0.0435,0,True,correct
185898,Picornaviridae,0,0.0808,0,True,correct
185899,Picornaviridae,0,0.1534,0,True,correct
185900,Picornaviridae,0,0.0677,0,True,correct
185901,Picornaviridae,0,0.0566,0,True,correct
185902,Picornaviridae,0,0.0278,0,True,correct
185903,Picornaviridae,0,0.0698,0,True,correct
185904,Picornaviridae,0,0.1129,0,True,correct
185905,Picornaviridae,0,0.0208,0,True,correct
185906,Picornaviridae,0,0.1455,0,True,correct
185907,Picornaviridae,0,0.1256,0,True,correct
185908,Picornaviridae,0,0.0354,0,True,correct
185909,Picornaviridae,0,0.0725,0,True,correct
185910,Picornaviridae,0,0.0664,0,True,correct
185911,Picornaviridae,0,0.0462,0,True,correct
185912,Picornaviridae,0,0.0376,0,True,correct
185913,Picornaviridae,0,0.0396,0,True,correct
185914,Picornaviridae,0,0.0347,0,True,correct
185915,Picornaviridae,0,0.0341,0,True,correct
185916,Picornaviridae,0,0.0399,0,True,correct
185917,Picornaviridae,0,0.0125,0,True,correct
185918,Picornaviridae,0,0.047,0,True,correct
185919,Picornaviridae,0,0.0834,0,True,correct
185920,Picornaviridae,0,0.0223,0,True,correct
185921,Picornaviridae,0,0.0748,0,True,correct
185922,Picornaviridae,0,0.0628,0,True,correct
185923,Picornaviridae,0,0.062,0,True,correct
185924,Picornaviridae,0,0.0184,0,True,correct
185925,Picornaviridae,0,0.0255,0,True,correct
185926,Picornaviridae,0,0.0446,0,True,correct
185927,Picornaviridae,0,0.0315,0,True,correct
185928,Picornaviridae,0,0.0307,0,True,correct
185929,Picornaviridae,0,0.103,0,True,correct
185930,Picornaviridae,0,0.0165,0,True,correct
185931,Picornaviridae,0,0.0523,0,True,correct
185932,Picornaviridae,0,0.0497,0,True,correct
185933,Picornaviridae,0,0.0374,0,True,correct
185934,Picornaviridae,0,0.0593,0,True,correct
185935,Picornaviridae,0,0.0484,0,True,correct
185936,Picornaviridae,0,0.0804,0,True,correct
185937,Picornaviridae,0,0.0477,0,True,correct
185938,Picornaviridae,0,0.0479,0,True,correct
185939,Picornaviridae,0,0.0361,0,True,correct
185940,Picornaviridae,0,0.0803,0,True,correct
185941,Picornaviridae,0,0.0793,0,True,correct
185943,Picornaviridae,0,0.0727,0,True,correct
185944,Picornaviridae,0,0.0442,0,True,correct
185945,Picornaviridae,0,0.1673,0,True,correct
185946,Picornaviridae,0,0.067,0,True,correct
186538,Filoviridae,1,0.8046,1,True,correct
186539,Filoviridae,1,0.7563,1,True,correct
186540,Filoviridae,1,0.8136,1,True,correct
186541,Filoviridae,1,0.6086,1,True,correct
187984,Poxviridae,1,0.6294,1,True,correct
188539,Retroviridae,1,0.8623,1,True,correct
194965,Picornaviridae,1,0.8049,1,True,correct
195055,Picornaviridae,0,0.4697,0,True,correct
200154,Picornaviridae,0,0.0959,0,True,correct
202250,Papillomaviridae,0,0.0431,0,True,correct
202252,Papillomaviridae,0,0.2487,0,True,correct
208893,Pneumoviridae,0,0.4084,0,True,correct
208895,Pneumoviridae,0,0.5849,1,False,false_positive
211787,Papillomaviridae,0,0.3424,0,True,correct
215851,Orthomyxoviridae,1,0.8486,1,True,correct
222887,Picornaviridae,0,0.1327,0,True,correct
222889,Picornaviridae,0,0.1483,0,True,correct
228330,Coronaviridae,0,0.7814,1,False,false_positive
245072,Adenoviridae,0,0.7882,1,False,false_positive
247268,Papillomaviridae,0,0.0753,0,True,correct
248062,Nairoviridae,1,0.6572,1,True,correct
260047,Adenoviridae,0,0.3419,0,True,correct
260717,Papillomaviridae,0,0.0877,0,True,correct
262897,Caliciviridae,1,0.9266,1,True,correct
272636,Parvoviridae,1,0.8374,1,True,correct
273348,Peribunyaviridae,0,0.1432,0,True,correct
273357,Peribunyaviridae,1,0.7143,1,True,correct
277944,Coronaviridae,0,0.6228,1,False,false_positive
282345,Picornaviridae,0,0.1074,0,True,correct
289365,Parvoviridae,1,0.8277,1,True,correct
289366,Anelloviridae,0,0.089,0,True,correct
289367,Anelloviridae,0,0.1226,0,True,correct
290028,Coronaviridae,0,0.4329,0,True,correct
290280,Caliciviridae,0,0.4892,0,True,correct
297248,Picornaviridae,1,0.2135,0,False,false_negative
306586,Picornaviridae,0,0.0797,0,True,correct
306588,Picornaviridae,1,0.422,0,False,false_negative
310907,Picornaviridae,1,0.2311,0,False,false_negative
318279,Retroviridae,0,0.9091,1,False,false_positive
318563,Picornaviridae,0,0.2663,0,True,correct
318564,Picornaviridae,0,0.127,0,True,correct
318565,Picornaviridae,1,0.1633,0,False,false_negative
318566,Picornaviridae,0,0.0599,0,True,correct
318567,Picornaviridae,0,0.0616,0,True,correct
318568,Picornaviridae,0,0.2138,0,True,correct
318569,Picornaviridae,0,0.5966,1,False,false_positive
318570,Picornaviridae,0,0.2027,0,True,correct
325445,Picornaviridae,0,0.1,0,True,correct
325446,Picornaviridae,0,0.1431,0,True,correct
325447,Picornaviridae,0,0.1003,0,True,correct
325678,Orthomyxoviridae,1,0.8986,1,True,correct
329376,Orthomyxoviridae,1,0.8832,1,True,correct
332097,Togaviridae,1,0.5971,1,True,correct
333278,Orthomyxoviridae,1,0.8593,1,True,correct
333751,Papillomaviridae,0,0.3676,0,True,correct
333752,Papillomaviridae,0,0.1542,0,True,correct
333753,Papillomaviridae,0,0.3333,0,True,correct
333759,Papillomaviridae,0,0.1889,0,True,correct
333760,Papillomaviridae,1,0.1186,0,False,false_negative
333762,Papillomaviridae,0,0.0956,0,True,correct
333763,Papillomaviridae,0,0.1017,0,True,correct
333764,Papillomaviridae,0,0.0764,0,True,correct
333765,Papillomaviridae,0,0.2157,0,True,correct
333766,Papillomaviridae,0,0.2276,0,True,correct
333767,Papillomaviridae,0,0.3018,0,True,correct
333769,Papillomaviridae,0,0.1965,0,True,correct
333770,Papillomaviridae,0,0.4522,0,True,correct
333771,Papillomaviridae,0,0.0613,0,True,correct
333772,Papillomaviridae,0,0.1147,0,True,correct
333923,Papillomaviridae,0,0.0603,0,True,correct
333924,Papillomaviridae,0,0.3473,0,True,correct
333930,Papillomaviridae,0,0.0694,0,True,correct
333931,Papillomaviridae,0,0.1421,0,True,correct
334203,Papillomaviridae,0,0.2499,0,True,correct
334204,Papillomaviridae,0,0.1814,0,True,correct
334209,Papillomaviridae,0,0.0431,0,True,correct
334210,Papillomaviridae,0,0.2487,0,True,correct
336619,Caliciviridae,0,0.367,0,True,correct
336960,Astroviridae,1,0.2859,0,False,false_negative
336961,Astroviridae,1,0.2895,0,False,false_negative
337042,Papillomaviridae,0,0.3041,0,True,correct
337051,Papillomaviridae,1,0.5702,1,True,correct
338079,Retroviridae,1,0.3507,0,False,false_negative
338323,Papillomaviridae,0,0.5422,1,False,false_positive
338326,Papillomaviridae,0,0.1645,0,True,correct
338327,Papillomaviridae,0,0.1277,0,True,correct
340017,Caliciviridae,1,0.5067,1,True,correct
348008,Peribunyaviridae,1,0.3065,0,False,false_negative
348011,Peribunyaviridae,0,0.3057,0,True,correct
351073,Spinareoviridae,1,0.7871,1,True,correct
352770,Orthomyxoviridae,1,0.8473,1,True,correct
356114,Hepaciviridae,1,0.1954,0,False,false_negative
376148,Picornaviridae,0,0.1949,0,True,correct
379081,Caliciviridae,0,0.4021,0,True,correct
397342,Poxviridae,1,0.4464,0,False,false_negative
408681,Picornaviridae,0,0.176,0,True,correct
411152,Picornaviridae,0,0.1656,0,True,correct
423446,Polyomaviridae,0,0.289,0,True,correct
427343,Papillomaviridae,0,0.0505,0,True,correct
432261,Anelloviridae,1,0.1254,0,False,false_negative
459785,Adenoviridae,0,0.4464,0,True,correct
463676,Picornaviridae,1,0.2103,0,False,false_negative
479952,Caliciviridae,0,0.4688,0,True,correct
507486,Peribunyaviridae,0,0.2417,0,True,correct
509628,Hepeviridae,1,0.8441,1,True,correct
511755,Picornaviridae,0,0.2611,0,True,correct
515176,Caliciviridae,1,0.5373,1,True,correct
515177,Caliciviridae,0,0.2656,0,True,correct
515179,Caliciviridae,0,0.6466,1,False,false_positive
515180,Caliciviridae,1,0.5858,1,True,correct
518628,Papillomaviridae,0,0.0826,0,True,correct
518629,Papillomaviridae,0,0.1301,0,True,correct
518630,Papillomaviridae,0,0.0723,0,True,correct
533185,Picornaviridae,0,0.1916,0,True,correct
536079,Adenoviridae,1,0.5469,1,True,correct
538121,Spinareoviridae,1,0.567,1,True,correct
538123,Spinareoviridae,1,0.7276,1,True,correct
556755,Caliciviridae,0,0.5791,1,False,false_positive
556926,Adenoviridae,0,0.4551,0,True,correct
565537,Papillomaviridae,0,0.0619,0,True,correct
565995,Filoviridae,1,0.7983,1,True,correct
568715,Astroviridae,0,0.3145,0,True,correct
573824,Picornaviridae,1,0.1208,0,False,false_negative
582384,Picornaviridae,0,0.301,0,True,correct
585060,Adenoviridae,1,0.9001,1,True,correct
585063,Adenoviridae,1,0.9416,1,True,correct
585066,Adenoviridae,1,0.7575,1,True,correct
585067,Adenoviridae,1,0.843,1,True,correct
585068,Adenoviridae,1,0.8911,1,True,correct
585071,Adenoviridae,1,0.901,1,True,correct
585072,Adenoviridae,1,0.7552,1,True,correct
585073,Adenoviridae,1,0.8085,1,True,correct
585077,Adenoviridae,0,0.6361,1,False,false_positive
585079,Adenoviridae,0,0.5297,1,False,false_positive
585080,Adenoviridae,0,0.3815,0,True,correct
585081,Adenoviridae,0,0.1917,0,True,correct
585084,Adenoviridae,0,0.4218,0,True,correct
585085,Adenoviridae,1,0.3009,0,False,false_negative
585087,Adenoviridae,1,0.5415,1,True,correct
585088,Adenoviridae,1,0.7524,1,True,correct
585089,Adenoviridae,1,0.4035,0,False,false_negative
585094,Adenoviridae,1,0.7208,1,True,correct
585095,Adenoviridae,0,0.6204,1,False,false_positive
585096,Adenoviridae,0,0.7241,1,False,false_positive
585098,Adenoviridae,1,0.819,1,True,correct
587347,Papillomaviridae,0,0.1422,0,True,correct
587348,Papillomaviridae,0,0.2865,0,True,correct
587349,Papillomaviridae,0,0.0631,0,True,correct
587350,Papillomaviridae,0,0.2072,0,True,correct
587351,Papillomaviridae,0,0.2092,0,True,correct
602074,Picornaviridae,0,0.0527,0,True,correct
611708,Peribunyaviridae,1,0.7922,1,True,correct
621278,Hepadnaviridae,0,0.5373,1,False,false_positive
638313,Parvoviridae,1,0.2404,0,False,false_negative
642022,Rhabdoviridae,0,0.8028,1,False,false_positive
645687,Astroviridae,0,0.4767,0,True,correct
651580,Adenoviridae,0,0.2084,0,True,correct
673323,Papillomaviridae,0,0.1107,0,True,correct
674086,Caliciviridae,0,0.4412,0,True,correct
674093,Caliciviridae,0,0.3054,0,True,correct
683172,Astroviridae,0,0.2669,0,True,correct
683174,Astroviridae,0,0.2299,0,True,correct
687340,Anelloviridae,1,0.0834,0,False,false_negative
687341,Anelloviridae,1,0.2318,0,False,false_negative
687342,Anelloviridae,1,0.1528,0,False,false_negative
687343,Anelloviridae,1,0.0836,0,False,false_negative
687345,Anelloviridae,0,0.0971,0,True,correct
687346,Anelloviridae,0,0.2668,0,True,correct
687347,Anelloviridae,0,0.1771,0,True,correct
687349,Anelloviridae,0,0.2408,0,True,correct
687351,Anelloviridae,0,0.2897,0,True,correct
687354,Anelloviridae,0,0.1471,0,True,correct
687355,Anelloviridae,0,0.1908,0,True,correct
687356,Anelloviridae,0,0.3222,0,True,correct
687357,Anelloviridae,0,0.1303,0,True,correct
687358,Anelloviridae,0,0.2363,0,True,correct
687364,Anelloviridae,1,0.4003,0,False,false_negative
687365,Anelloviridae,1,0.2042,0,False,false_negative
687366,Anelloviridae,0,0.246,0,True,correct
687367,Anelloviridae,0,0.1136,0,True,correct
687369,Anelloviridae,0,0.048,0,True,correct
687370,Anelloviridae,0,0.1078,0,True,correct
687371,Anelloviridae,0,0.1086,0,True,correct
687372,Anelloviridae,1,0.1202,0,False,false_negative
687373,Anelloviridae,0,0.0756,0,True,correct
687374,Anelloviridae,0,0.1649,0,True,correct
687375,Anelloviridae,0,0.2699,0,True,correct
687376,Anelloviridae,0,0.0587,0,True,correct
687379,Anelloviridae,0,0.0919,0,True,correct
687380,Anelloviridae,0,0.0815,0,True,correct
688699,Phenuiviridae,0,0.8033,1,False,false_positive
689403,Parvoviridae,0,0.657,1,False,false_positive
694003,Coronaviridae,1,0.7452,1,True,correct
694009,Coronaviridae,1,0.8379,1,True,correct
694014,Coronaviridae,1,0.8191,1,True,correct
696746,Papillomaviridae,0,0.2079,0,True,correct
714978,Adenoviridae,0,0.2521,0,True,correct
720708,Papillomaviridae,0,0.2316,0,True,correct
742919,Circoviridae,0,0.3743,0,True,correct
742925,Circoviridae,0,0.203,0,True,correct
743811,Papillomaviridae,0,0.1028,0,True,correct
743812,Papillomaviridae,0,0.1308,0,True,correct
746830,Polyomaviridae,0,0.3078,0,True,correct
746831,Polyomaviridae,0,0.2365,0,True,correct
746832,Papillomaviridae,0,0.3234,0,True,correct
749224,nan,0,0.5623,1,False,false_positive
756496,Caliciviridae,0,0.4315,0,True,correct
756497,Caliciviridae,0,0.4202,0,True,correct
765051,Papillomaviridae,0,0.0536,0,True,correct
765052,Papillomaviridae,0,0.0637,0,True,correct
765054,Papillomaviridae,0,0.0624,0,True,correct
765055,Papillomaviridae,0,0.237,0,True,correct
765056,Papillomaviridae,0,0.066,0,True,correct
861519,Picornaviridae,0,0.0901,0,True,correct
880565,Adenoviridae,0,0.2552,0,True,correct
909328,Papillomaviridae,0,0.0448,0,True,correct
909329,Papillomaviridae,0,0.0583,0,True,correct
909331,Papillomaviridae,0,0.1668,0,True,correct
909332,Papillomaviridae,0,0.0461,0,True,correct
909333,Papillomaviridae,0,0.1165,0,True,correct
915426,Papillomaviridae,0,0.231,0,True,correct
915428,Papillomaviridae,0,0.0631,0,True,correct
915429,Papillomaviridae,0,0.2821,0,True,correct
927771,Papillomaviridae,0,0.1911,0,True,correct
942038,Papillomaviridae,0,0.1357,0,True,correct
943084,Anelloviridae,0,0.5766,1,False,false_positive
943908,Polyomaviridae,0,0.545,1,False,false_positive
980087,Adenoviridae,0,0.306,0,True,correct
990302,Papillomaviridae,0,0.0233,0,True,correct
991902,Picornaviridae,0,0.2297,0,True,correct
1000647,Phenuiviridae,0,0.6356,1,False,false_positive
1000649,Phenuiviridae,0,0.8494,1,False,false_positive
1001303,Phenuiviridae,0,0.628,1,False,false_positive
1002273,Anelloviridae,1,0.641,1,True,correct
1003429,Caliciviridae,0,0.202,0,True,correct
1031410,Caliciviridae,0,0.2579,0,True,correct
1033850,Picornaviridae,0,0.1592,0,True,correct
1048856,Phenuiviridae,0,0.8185,1,False,false_positive
1055684,Papillomaviridae,0,0.1842,0,True,correct
1069441,Adenoviridae,0,0.297,0,True,correct
1070409,Papillomaviridae,0,0.0811,0,True,correct
1070411,Papillomaviridae,0,0.334,0,True,correct
1070412,Papillomaviridae,0,0.0524,0,True,correct
1070413,Papillomaviridae,0,0.1502,0,True,correct
1070414,Papillomaviridae,0,0.1631,0,True,correct
1070415,Papillomaviridae,0,0.082,0,True,correct
1070416,Papillomaviridae,0,0.0974,0,True,correct
1070418,Papillomaviridae,0,0.1906,0,True,correct
1070419,Papillomaviridae,0,0.0683,0,True,correct
1070420,Papillomaviridae,0,0.0382,0,True,correct
1077430,Picornaviridae,0,0.0386,0,True,correct
1091197,Adenoviridae,0,0.572,1,False,false_positive
1091198,Adenoviridae,0,0.1462,0,True,correct
1094363,Adenoviridae,0,0.3035,0,True,correct
1096763,Adenoviridae,0,0.4108,0,True,correct
1101371,Adenoviridae,0,0.6438,1,False,false_positive
1110710,Papillomaviridae,0,0.0841,0,True,correct
1124795,Adenoviridae,0,0.3448,0,True,correct
1136260,Matonaviridae,0,0.7619,1,False,false_positive
1141754,Picornaviridae,0,0.1247,0,True,correct
1163715,Anelloviridae,1,0.9435,1,True,correct
1165934,Papillomaviridae,0,0.1718,0,True,correct
1172985,Flaviviridae,1,0.8713,1,True,correct
1175850,Papillomaviridae,0,0.2574,0,True,correct
1175851,Papillomaviridae,0,0.083,0,True,correct
1195796,Papillomaviridae,0,0.0731,0,True,correct
1209820,Papillomaviridae,0,0.0766,0,True,correct
1214955,Anelloviridae,1,0.5907,1,True,correct
1219376,Picornaviridae,0,0.0438,0,True,correct
1219377,Picornaviridae,0,0.0993,0,True,correct
1219378,Picornaviridae,0,0.0726,0,True,correct
1219380,Picornaviridae,0,0.0785,0,True,correct
1219381,Picornaviridae,0,0.4271,0,True,correct
1219404,Picornaviridae,0,0.1746,0,True,correct
1219405,Picornaviridae,0,0.0375,0,True,correct
1219406,Picornaviridae,0,0.0373,0,True,correct
1219407,Picornaviridae,0,0.0544,0,True,correct
1219413,Picornaviridae,0,0.0381,0,True,correct
1219416,Picornaviridae,0,0.0358,0,True,correct
1219419,Picornaviridae,0,0.1051,0,True,correct
1220265,Picornaviridae,0,0.1075,0,True,correct
1224522,Picornaviridae,0,0.0902,0,True,correct
1231709,Polyomaviridae,0,0.1797,0,True,correct
1233383,Picornaviridae,0,0.6968,1,False,false_positive
1239439,Astroviridae,1,0.254,0,False,false_negative
1239565,Astroviridae,1,0.1848,0,False,false_negative
1239567,Astroviridae,1,0.7975,1,True,correct
1239568,Astroviridae,1,0.873,1,True,correct
1239572,Astroviridae,0,0.3671,0,True,correct
1240004,Picornaviridae,0,0.0455,0,True,correct
1247113,Astroviridae,0,0.1106,0,True,correct
1247114,Astroviridae,0,0.1929,0,True,correct
1248136,Picornaviridae,0,0.15,0,True,correct
1280920,Caliciviridae,0,0.5438,1,False,false_positive
1288116,Papillomaviridae,0,0.0712,0,True,correct
1295563,Picornaviridae,1,0.0714,0,False,false_negative
1297549,Papillomaviridae,0,0.1528,0,True,correct
1303334,Polyomaviridae,0,0.2839,0,True,correct
1315259,Papillomaviridae,0,0.0617,0,True,correct
1315260,Papillomaviridae,0,0.2042,0,True,correct
1315261,Papillomaviridae,0,0.1364,0,True,correct
1315262,Papillomaviridae,0,0.1001,0,True,correct
1315263,Papillomaviridae,0,0.2876,0,True,correct
1315264,Papillomaviridae,0,0.1127,0,True,correct
1315265,Papillomaviridae,0,0.0901,0,True,correct
1315266,Papillomaviridae,0,0.0407,0,True,correct
1330524,Picornaviridae,1,0.6557,1,True,correct
1335626,Coronaviridae,1,0.8054,1,True,correct
1337398,Adenoviridae,0,0.3316,0,True,correct
1341019,Oomyviridae,1,0.5,1,True,correct
1347832,Papillomaviridae,0,0.0957,0,True,correct
1348384,Sedoreoviridae,1,0.1222,0,False,false_negative
1384672,Paramyxoviridae,0,0.0691,0,True,correct
1415627,Anelloviridae,0,0.5423,1,False,false_positive
1415628,Anelloviridae,0,0.5583,1,False,false_positive
1418033,Picornaviridae,0,0.0602,0,True,correct
1418035,Picornaviridae,0,0.1117,0,True,correct
1418064,Picornaviridae,0,0.1503,0,True,correct
1420544,Papillomaviridae,0,0.0698,0,True,correct
1425211,Picornaviridae,0,0.5451,1,False,false_positive
1434986,Papillomaviridae,0,0.149,0,True,correct
1434988,Papillomaviridae,0,0.0579,0,True,correct
1435148,Picornaviridae,0,0.1476,0,True,correct
1440170,Togaviridae,1,0.8519,1,True,correct
1442164,Picornaviridae,0,0.0913,0,True,correct
1449827,Papillomaviridae,0,0.2158,0,True,correct
1453408,Nairoviridae,1,0.6638,1,True,correct
1459003,Spinareoviridae,1,0.56,1,True,correct
1461395,Adenoviridae,0,0.1965,0,True,correct
1472342,Papillomaviridae,0,0.1733,0,True,correct
1478160,Papillomaviridae,0,0.0627,0,True,correct
1488574,Genomoviridae,0,0.6609,1,False,false_positive
1501396,Peribunyaviridae,1,0.1892,0,False,false_negative
1507812,Caliciviridae,0,0.4286,0,True,correct
1511807,Picornaviridae,1,0.6597,1,True,correct
1511894,Parvoviridae,1,0.79,1,True,correct
1511919,Parvoviridae,0,0.4524,0,True,correct
1513258,Papillomaviridae,0,0.0978,0,True,correct
1513259,Papillomaviridae,0,0.047,0,True,correct
1513260,Papillomaviridae,0,0.058,0,True,correct
1513261,Papillomaviridae,0,0.0246,0,True,correct
1513262,Papillomaviridae,0,0.0597,0,True,correct
1513263,Papillomaviridae,0,0.0986,0,True,correct
1516081,Genomoviridae,0,0.6306,1,False,false_positive
1518574,Astroviridae,0,0.3062,0,True,correct
1525173,Pecoviridae,0,0.7121,1,False,false_positive
1535290,Anelloviridae,0,0.0855,0,True,correct
1535291,Anelloviridae,0,0.0667,0,True,correct
1542134,Papillomaviridae,0,0.0427,0,True,correct
1544901,Hepaciviridae,0,0.6936,1,False,false_positive
1545700,Papillomaviridae,0,0.0591,0,True,correct
1547495,Picornaviridae,0,0.6208,1,False,false_positive
1572667,Circoviridae,0,0.5839,1,False,false_positive
1573584,Circoviridae,0,0.2648,0,True,correct
1578041,Paramyxoviridae,0,0.6238,1,False,false_positive
1582094,Picornaviridae,0,0.1537,0,True,correct
1595998,Smacoviridae,0,0.2237,0,True,correct
1597962,Sedoreoviridae,1,0.6237,1,True,correct
1604283,Adenoviridae,0,0.2815,0,True,correct
1618189,Orthomyxoviridae,0,0.7781,1,False,false_positive
1643649,Adenoviridae,0,0.1544,0,True,correct
1647924,Papillomaviridae,0,0.2704,0,True,correct
1673681,Genomoviridae,0,0.7248,1,False,false_positive
1678143,Hepeviridae,1,0.6054,1,True,correct
1678145,Hepeviridae,1,0.4221,0,False,false_negative
1678227,Peribunyaviridae,0,0.3563,0,True,correct
1678230,Peribunyaviridae,1,0.1894,0,False,false_negative
1682339,Papillomaviridae,0,0.048,0,True,correct
1682341,Papillomaviridae,0,0.1292,0,True,correct
1704090,Hepaciviridae,0,0.5579,1,False,false_positive
1714619,Bornaviridae,0,0.8218,1,False,false_positive
1714621,Bornaviridae,1,0.6576,1,True,correct
1764076,Peribunyaviridae,1,0.6228,1,True,correct
1788432,Adenoviridae,1,0.8552,1,True,correct
1788433,Adenoviridae,1,0.7797,1,True,correct
1803390,Astroviridae,0,0.8455,1,False,false_positive
1803394,Astroviridae,0,0.7828,1,False,false_positive
1803956,Picornaviridae,0,0.0908,0,True,correct
1812175,Matonaviridae,0,0.6364,1,False,false_positive
1820159,Smacoviridae,0,0.4267,0,True,correct
1848960,Phenuiviridae,0,0.8777,1,False,false_positive
1851122,Papillomaviridae,0,0.0743,0,True,correct
1851123,Papillomaviridae,0,0.1989,0,True,correct
1851124,Papillomaviridae,0,0.061,0,True,correct
1851125,Papillomaviridae,0,0.2587,0,True,correct
1851126,Papillomaviridae,0,0.1113,0,True,correct
1851127,Papillomaviridae,0,0.1244,0,True,correct
1851128,Papillomaviridae,0,0.3148,0,True,correct
1851213,Papillomaviridae,0,0.0419,0,True,correct
1851214,Papillomaviridae,0,0.0784,0,True,correct
1851215,Papillomaviridae,0,0.1808,0,True,correct
1851216,Papillomaviridae,0,0.0198,0,True,correct
1851217,Papillomaviridae,0,0.0834,0,True,correct
1851218,Papillomaviridae,0,0.05,0,True,correct
1851219,Papillomaviridae,0,0.3304,0,True,correct
1851220,Papillomaviridae,0,0.0479,0,True,correct
1851221,Papillomaviridae,0,0.1073,0,True,correct
1859149,Anelloviridae,0,0.2784,0,True,correct
1862824,Genomoviridae,0,0.4892,0,True,correct
1868658,Astroviridae,1,0.2535,0,False,false_negative
1891726,Polyomaviridae,1,0.1492,0,False,false_negative
1891727,Polyomaviridae,0,0.5207,1,False,false_positive
1891728,Polyomaviridae,0,0.0654,0,True,correct
1891745,Polyomaviridae,0,0.407,0,True,correct
1891754,Polyomaviridae,1,0.4539,0,False,false_negative
1891762,Polyomaviridae,1,0.2474,0,False,false_negative
1891763,Polyomaviridae,0,0.5,1,False,false_positive
1891765,Polyomaviridae,0,0.4786,0,True,correct
1891767,Polyomaviridae,1,0.3724,0,False,false_negative
1897087,Bornaviridae,1,0.7572,1,True,correct
1906354,Picornaviridae,0,0.055,0,True,correct
1906355,Picornaviridae,0,0.0611,0,True,correct
1906356,Picornaviridae,0,0.0689,0,True,correct
1914415,Smacoviridae,0,0.3973,0,True,correct
1933180,Peribunyaviridae,1,0.784,1,True,correct
1960046,Caliciviridae,0,0.5898,1,False,false_positive
1961678,Papillomaviridae,0,0.0555,0,True,correct
1961679,Papillomaviridae,0,0.7036,1,False,false_positive
1961680,Papillomaviridae,0,0.1278,0,True,correct
1961682,Papillomaviridae,0,0.1876,0,True,correct
1961683,Papillomaviridae,0,0.072,0,True,correct
1961783,Papillomaviridae,0,0.0397,0,True,correct
1961924,Papillomaviridae,0,0.2572,0,True,correct
1965018,Circoviridae,0,0.0409,0,True,correct
1965089,Coronaviridae,1,0.5,1,True,correct
1972568,Rhabdoviridae,1,0.5674,1,True,correct
1972574,Rhabdoviridae,1,0.6496,1,True,correct
1972575,Rhabdoviridae,1,0.5875,1,True,correct
1972576,Rhabdoviridae,1,0.9026,1,True,correct
1972577,Rhabdoviridae,1,0.7515,1,True,correct
1972578,Rhabdoviridae,1,0.338,0,False,false_negative
1972579,Rhabdoviridae,1,0.6225,1,True,correct
1972587,Rhabdoviridae,1,0.1867,0,False,false_negative
1978540,Rhabdoviridae,0,0.1582,0,True,correct
1980456,Hantaviridae,1,0.7989,1,True,correct
1982742,Picornaviridae,0,0.1635,0,True,correct
1985415,Genomoviridae,0,0.3347,0,True,correct
2003649,Picornaviridae,0,0.4166,0,True,correct
2003650,Picornaviridae,0,0.5544,1,False,false_positive
2003651,Picornaviridae,0,0.079,0,True,correct
2003652,Picornaviridae,1,0.5877,1,True,correct
2004487,Genomoviridae,0,0.6872,1,False,false_positive
2004961,Genomoviridae,0,0.6839,1,False,false_positive
2004962,Genomoviridae,0,0.6017,1,False,false_positive
2015550,Picornaviridae,0,0.4681,0,True,correct
2017080,Circoviridae,0,0.0714,0,True,correct
2017081,Circoviridae,0,0.1262,0,True,correct
2017082,Circoviridae,0,0.3192,0,True,correct
2017083,Circoviridae,0,0.4883,0,True,correct
2025360,Poxviridae,0,0.5109,1,False,false_positive
2032983,Picornaviridae,0,0.2667,0,True,correct
2035045,Picornaviridae,0,0.1458,0,True,correct
2038719,Circoviridae,0,0.6498,1,False,false_positive
2038720,Circoviridae,0,0.1955,0,True,correct
2038723,Circoviridae,0,0.287,0,True,correct
2038724,Circoviridae,0,0.2941,0,True,correct
2038725,Circoviridae,0,0.5956,1,False,false_positive
2038727,Circoviridae,0,0.5415,1,False,false_positive
2038728,Circoviridae,0,0.1902,0,True,correct
2045067,Picornaviridae,0,0.0729,0,True,correct
2045073,Picornaviridae,0,0.0325,0,True,correct
2045075,Picornaviridae,0,0.3231,0,True,correct
2045078,Picornaviridae,0,0.0301,0,True,correct
2057509,Circoviridae,0,0.1247,0,True,correct
2057931,Anelloviridae,0,0.0603,0,True,correct
2057933,Anelloviridae,0,0.1061,0,True,correct
2060135,Papillomaviridae,0,0.1328,0,True,correct
2060136,Papillomaviridae,0,0.0841,0,True,correct
2060137,Papillomaviridae,0,0.061,0,True,correct
2060138,Papillomaviridae,0,0.5454,1,False,false_positive
2060139,Papillomaviridae,0,0.0678,0,True,correct
2060140,Papillomaviridae,0,0.1576,0,True,correct
2065036,Anelloviridae,0,0.0874,0,True,correct
2065046,Anelloviridae,0,0.0882,0,True,correct
2065047,Anelloviridae,0,0.0599,0,True,correct
2065048,Anelloviridae,0,0.1285,0,True,correct
2065049,Anelloviridae,0,0.0947,0,True,correct
2065050,Anelloviridae,0,0.0814,0,True,correct
2065051,Anelloviridae,0,0.1326,0,True,correct
2065052,Anelloviridae,0,0.0964,0,True,correct
2065053,Anelloviridae,0,0.079,0,True,correct
2065054,Anelloviridae,0,0.1014,0,True,correct
2065055,Anelloviridae,0,0.2036,0,True,correct
2065056,Anelloviridae,0,0.3597,0,True,correct
2083198,Togaviridae,1,0.6215,1,True,correct
2083199,Togaviridae,0,0.802,1,False,false_positive
2093789,Papillomaviridae,0,0.244,0,True,correct
2094116,Picornaviridae,0,0.0725,0,True,correct
2137161,Orthomyxoviridae,1,0.6894,1,True,correct
2169701,Togaviridae,1,0.3474,0,False,false_negative
2169855,Circoviridae,0,0.0706,0,True,correct
2169902,Papillomaviridae,0,0.0709,0,True,correct
2169935,Smacoviridae,0,0.431,0,True,correct
2169936,Smacoviridae,0,0.3017,0,True,correct
2169991,Arenaviridae,1,0.6543,1,True,correct
2170113,Smacoviridae,0,0.2911,0,True,correct
2170114,Smacoviridae,0,0.4759,0,True,correct
2170195,Retroviridae,0,0.2841,0,True,correct
2170197,Retroviridae,0,0.1205,0,True,correct
2200830,Poxviridae,1,0.4761,0,False,false_negative
2200956,Papillomaviridae,0,0.1217,0,True,correct
2200957,Papillomaviridae,0,0.0414,0,True,correct
2200958,Papillomaviridae,0,0.081,0,True,correct
2200959,Papillomaviridae,0,0.0694,0,True,correct
2259331,Papillomaviridae,0,0.0395,0,True,correct
2259332,Papillomaviridae,0,0.3297,0,True,correct
2259334,Papillomaviridae,0,0.0285,0,True,correct
2259343,Papillomaviridae,0,0.0937,0,True,correct
2259728,Hantaviridae,1,0.9446,1,True,correct
2269360,Flaviviridae,1,0.8981,1,True,correct
2320739,Papillomaviridae,0,0.08,0,True,correct
2461378,Adenoviridae,0,0.2293,0,True,correct
2487725,Picornaviridae,1,0.0884,0,False,false_negative
2496633,Smacoviridae,0,0.4213,0,True,correct
2506584,Polyomaviridae,0,0.3561,0,True,correct
2530494,Smacoviridae,0,0.4871,0,True,correct
2560319,Paramyxoviridae,1,0.6769,1,True,correct
2560321,Paramyxoviridae,1,0.7251,1,True,correct
2560525,Paramyxoviridae,1,0.6075,1,True,correct
2560526,Paramyxoviridae,0,0.5837,1,False,false_positive
2560580,Paramyxoviridae,1,0.7581,1,True,correct
2571073,Redondoviridae,0,0.0648,0,True,correct
2571075,Redondoviridae,0,0.0707,0,True,correct
2571077,Redondoviridae,0,0.1064,0,True,correct
2571078,Redondoviridae,0,0.0767,0,True,correct
2571079,Redondoviridae,0,0.0637,0,True,correct
2571082,Redondoviridae,0,0.0465,0,True,correct
2571084,Redondoviridae,0,0.0517,0,True,correct
2571085,Redondoviridae,0,0.0397,0,True,correct
2571086,Redondoviridae,0,0.0827,0,True,correct
2571088,Redondoviridae,0,0.04,0,True,correct
2571089,Redondoviridae,0,0.0877,0,True,correct
2571090,Redondoviridae,0,0.1329,0,True,correct
2571091,Redondoviridae,0,0.0682,0,True,correct
2575370,Dicistroviridae,0,0.3522,0,True,correct
2576944,Phenuiviridae,0,0.5472,1,False,false_positive
2583509,Genomoviridae,0,0.7962,1,False,false_positive
2609450,nan,0,0.4218,0,True,correct
2650411,Picornaviridae,0,0.1532,0,True,correct
2714898,Circoviridae,0,0.2446,0,True,correct
2734294,Polyomaviridae,0,0.2559,0,True,correct
2734436,Phenuiviridae,0,0.4947,0,True,correct
2747210,Spinareoviridae,1,0.3586,0,False,false_negative
2748252,Peribunyaviridae,0,0.6857,1,False,false_positive
2748253,Peribunyaviridae,0,0.4808,0,True,correct
2748254,Peribunyaviridae,0,0.2415,0,True,correct
2748762,Spinareoviridae,1,0.4222,0,False,false_negative
2748958,Phenuiviridae,1,0.8812,1,True,correct
2749421,Picornaviridae,0,0.1591,0,True,correct
2749445,Anelloviridae,0,0.2408,0,True,correct
2749453,Anelloviridae,0,0.2313,0,True,correct
2760813,Picornaviridae,1,0.2568,0,False,false_negative
2760818,Picornaviridae,0,0.2006,0,True,correct
2760819,Picornaviridae,0,0.149,0,True,correct
2760820,Picornaviridae,0,0.1792,0,True,correct
2773471,Parvoviridae,0,0.377,0,True,correct
2777131,Picornaviridae,0,0.0351,0,True,correct
2777134,Picornaviridae,0,0.2139,0,True,correct
2777147,Picornaviridae,0,0.4362,0,True,correct
2778524,Anelloviridae,0,0.1883,0,True,correct
2779846,Caliciviridae,0,0.7885,1,False,false_positive
2779847,Picornaviridae,1,0.3794,0,False,false_negative
2847137,Hepadnaviridae,1,0.211,0,False,false_negative
2847138,Hepadnaviridae,0,0.3913,0,True,correct
2847139,Hepadnaviridae,0,0.577,1,False,false_positive
2847140,Hepadnaviridae,0,0.3313,0,True,correct
2847141,Hepadnaviridae,0,0.5748,1,False,false_positive
2848423,Papillomaviridae,0,0.0694,0,True,correct
2853105,Genomoviridae,0,0.6098,1,False,false_positive
2853106,Papillomaviridae,0,0.1204,0,True,correct
2853118,Anelloviridae,0,0.3165,0,True,correct
2853119,Anelloviridae,0,0.4059,0,True,correct
2853120,Anelloviridae,0,0.172,0,True,correct
3051624,Parvoviridae,1,0.2369,0,False,false_negative
3051989,Phenuiviridae,1,0.7559,1,True,correct
3051992,Phenuiviridae,1,0.7849,1,True,correct
3052121,Circoviridae,0,0.2595,0,True,correct
3052181,Filoviridae,1,0.6387,1,True,correct
3052189,Parvoviridae,1,0.3472,0,False,false_negative
3052221,Paramyxoviridae,1,0.5647,1,True,correct
3052223,Paramyxoviridae,1,0.7493,1,True,correct
3052224,Paramyxoviridae,1,0.5903,1,True,correct
3052225,Paramyxoviridae,1,0.6498,1,True,correct
3052230,Hepaciviridae,1,0.3984,0,False,false_negative
3052236,Hepaciviridae,1,0.6983,1,True,correct
3052299,Arenaviridae,0,0.4386,0,True,correct
3052300,Arenaviridae,1,0.8403,1,True,correct
3052302,Arenaviridae,0,0.7834,1,False,false_positive
3052303,Arenaviridae,1,0.5438,1,True,correct
3052305,Arenaviridae,1,0.8806,1,True,correct
3052307,Arenaviridae,1,0.8222,1,True,correct
3052310,Arenaviridae,1,0.8958,1,True,correct
3052314,Arenaviridae,1,0.8679,1,True,correct
3052317,Arenaviridae,1,0.7981,1,True,correct
3052328,Arenaviridae,1,0.6596,1,True,correct
3052329,Arenaviridae,1,0.3526,0,False,false_negative
3052330,Arenaviridae,1,0.8215,1,True,correct
3052331,Arenaviridae,1,0.3605,0,False,false_negative
3052342,Paramyxoviridae,1,0.4673,0,False,false_negative
3052370,Peribunyaviridae,1,0.2561,0,False,false_negative
3052371,Peribunyaviridae,1,0.6927,1,True,correct
3052385,Peribunyaviridae,1,0.7355,1,True,correct
3052387,Peribunyaviridae,1,0.3649,0,False,false_negative
3052390,Peribunyaviridae,1,0.7234,1,True,correct
3052391,Peribunyaviridae,0,0.0913,0,True,correct
3052397,Peribunyaviridae,1,0.5614,1,True,correct
3052399,Peribunyaviridae,0,0.6544,1,False,false_positive
3052401,Peribunyaviridae,1,0.6661,1,True,correct
3052402,Peribunyaviridae,1,0.8793,1,True,correct
3052404,Peribunyaviridae,1,0.5737,1,True,correct
3052406,Peribunyaviridae,1,0.8771,1,True,correct
3052407,Peribunyaviridae,1,0.2752,0,False,false_negative
3052409,Peribunyaviridae,1,0.6507,1,True,correct
3052413,Peribunyaviridae,1,0.2957,0,False,false_negative
3052414,Peribunyaviridae,0,0.7544,1,False,false_positive
3052418,Peribunyaviridae,1,0.5205,1,True,correct
3052420,Peribunyaviridae,1,0.4199,0,False,false_negative
3052424,Peribunyaviridae,1,0.398,0,False,false_negative
3052429,Peribunyaviridae,1,0.7731,1,True,correct
3052431,Peribunyaviridae,1,0.4121,0,False,false_negative
3052439,Peribunyaviridae,1,0.6106,1,True,correct
3052440,Peribunyaviridae,1,0.1051,0,False,false_negative
3052444,Peribunyaviridae,1,0.1901,0,False,false_negative
3052445,Peribunyaviridae,1,0.7514,1,True,correct
3052446,Peribunyaviridae,0,0.3607,0,True,correct
3052456,Peribunyaviridae,1,0.4693,0,False,false_negative
3052474,Hantaviridae,1,0.8968,1,True,correct
3052477,Hantaviridae,1,0.875,1,True,correct
3052480,Hantaviridae,1,0.7944,1,True,correct
3052493,Hantaviridae,1,0.6052,1,True,correct
3052498,Hantaviridae,1,0.637,1,True,correct
3052499,Hantaviridae,1,0.3689,0,False,false_negative
3052503,Hantaviridae,1,0.3466,0,False,false_negative
3052505,Filoviridae,1,0.725,1,True,correct
3052510,Nairoviridae,0,0.6485,1,False,false_positive
3052514,Nairoviridae,1,0.8935,1,True,correct
3052518,Nairoviridae,1,0.8484,1,True,correct
3052523,Nairoviridae,1,0.8442,1,True,correct
3052525,Nairoviridae,1,0.7257,1,True,correct
3052561,Paramyxoviridae,1,0.5626,1,True,correct
3052599,Paramyxoviridae,1,0.8607,1,True,correct
3052600,Paramyxoviridae,1,0.789,1,True,correct
3052602,Paramyxoviridae,1,0.5354,1,True,correct
3052637,Phenuiviridae,1,0.8856,1,True,correct
3052640,Phenuiviridae,0,0.3811,0,True,correct
3052641,Phenuiviridae,0,0.7564,1,False,false_positive
3052647,Phenuiviridae,0,0.3981,0,True,correct
3052660,Phenuiviridae,0,0.6283,1,False,false_positive
3052665,Phenuiviridae,0,0.7653,1,False,false_positive
3052676,Phenuiviridae,1,0.8338,1,True,correct
3052684,Phenuiviridae,1,0.6442,1,True,correct
3052686,Phenuiviridae,1,0.8979,1,True,correct
3052789,Hantaviridae,1,0.7092,1,True,correct
3052801,Phenuiviridae,1,0.8776,1,True,correct
3052811,Phenuiviridae,1,0.9034,1,True,correct
